municipio,data,casosAcumulado,casosNovos,obitosAcumulado,obitosNovos,daily cases moving average,daily deaths moving average,sum_of_daily_cases_week,sum_of_daily_deaths_week
Abadiânia,2020-03-27,0,0,0,0,2.142857142857143,0.14285714285714285,15.0,15.0
Abadiânia,2020-03-28,0,0,0,0,1.1428571428571428,0.0,8.0,8.0
Abadiânia,2020-03-29,0,0,0,0,0.42857142857142855,0.0,3.0,3.0
Abadiânia,2020-03-30,0,0,0,0,0.0,0.0,0.0,0.0
Abadiânia,2020-03-31,0,0,0,0,0.0,0.0,0.0,0.0
Abadiânia,2020-04-01,0,0,0,0,0.0,0.0,0.0,0.0
Abadiânia,2020-04-02,0,0,0,0,0.0,0.0,0.0,0.0
Abadiânia,2020-04-03,0,0,0,0,0.0,0.0,0.0,0.0
Abadiânia,2020-04-04,0,0,0,0,0.0,0.0,0.0,0.0
Abadiânia,2020-04-05,0,0,0,0,0.0,0.0,0.0,0.0
Abadiânia,2020-04-06,0,0,0,0,0.0,0.0,0.0,0.0
Abadiânia,2020-04-07,0,0,0,0,0.0,0.0,0.0,0.0
Abadiânia,2020-04-08,0,0,0,0,0.0,0.0,0.0,0.0
Abadiânia,2020-04-09,0,0,0,0,0.0,0.0,0.0,0.0
Abadiânia,2020-04-10,0,0,0,0,0.0,0.0,0.0,0.0
Abadiânia,2020-04-11,0,0,0,0,0.0,0.0,0.0,0.0
Abadiânia,2020-04-12,0,0,0,0,0.0,0.0,0.0,0.0
Abadiânia,2020-04-13,0,0,0,0,0.0,0.0,0.0,0.0
Abadiânia,2020-04-14,0,0,0,0,0.0,0.0,0.0,0.0
Abadiânia,2020-04-15,0,0,0,0,0.0,0.0,0.0,0.0
Abadiânia,2020-04-16,0,0,0,0,0.0,0.0,0.0,0.0
Abadiânia,2020-04-17,0,0,0,0,0.0,0.0,0.0,0.0
Abadiânia,2020-04-18,0,0,0,0,0.0,0.0,0.0,0.0
Abadiânia,2020-04-19,0,0,0,0,0.0,0.0,0.0,0.0
Abadiânia,2020-04-20,0,0,0,0,0.0,0.0,0.0,0.0
Abadiânia,2020-04-21,0,0,0,0,0.0,0.0,0.0,0.0
Abadiânia,2020-04-22,0,0,0,0,0.0,0.0,0.0,0.0
Abadiânia,2020-04-23,0,0,0,0,0.0,0.0,0.0,0.0
Abadiânia,2020-04-24,0,0,0,0,0.0,0.0,0.0,0.0
Abadiânia,2020-04-25,0,0,0,0,0.0,0.0,0.0,0.0
Abadiânia,2020-04-26,0,0,0,0,0.0,0.0,0.0,0.0
Abadiânia,2020-04-27,0,0,0,0,0.0,0.0,0.0,0.0
Abadiânia,2020-04-28,0,0,0,0,0.0,0.0,0.0,0.0
Abadiânia,2020-04-29,0,0,0,0,0.0,0.0,0.0,0.0
Abadiânia,2020-04-30,0,0,0,0,0.0,0.0,0.0,0.0
Abadiânia,2020-05-01,0,0,0,0,0.0,0.0,0.0,0.0
Abadiânia,2020-05-02,0,0,0,0,0.0,0.0,0.0,0.0
Abadiânia,2020-05-03,0,0,0,0,0.0,0.0,0.0,0.0
Abadiânia,2020-05-04,0,0,0,0,0.0,0.0,0.0,0.0
Abadiânia,2020-05-05,0,0,0,0,0.0,0.0,0.0,0.0
Abadiânia,2020-05-06,0,0,0,0,0.0,0.0,0.0,0.0
Abadiânia,2020-05-07,0,0,0,0,0.0,0.0,0.0,0.0
Abadiânia,2020-05-08,0,0,0,0,0.0,0.0,0.0,0.0
Abadiânia,2020-05-09,0,0,0,0,0.0,0.0,0.0,0.0
Abadiânia,2020-05-10,0,0,0,0,0.0,0.0,0.0,0.0
Abadiânia,2020-05-11,0,0,0,0,0.0,0.0,0.0,0.0
Abadiânia,2020-05-12,0,0,0,0,0.0,0.0,0.0,0.0
Abadiânia,2020-05-13,0,0,0,0,0.0,0.0,0.0,0.0
Abadiânia,2020-05-14,0,0,0,0,0.0,0.0,0.0,0.0
Abadiânia,2020-05-15,0,0,0,0,0.0,0.0,0.0,0.0
Abadiânia,2020-05-16,0,0,0,0,0.0,0.0,0.0,0.0
Abadiânia,2020-05-17,0,0,0,0,0.0,0.0,0.0,0.0
Abadiânia,2020-05-18,0,0,0,0,0.0,0.0,0.0,0.0
Abadiânia,2020-05-19,0,0,0,0,0.0,0.0,0.0,0.0
Abadiânia,2020-05-20,0,0,0,0,0.0,0.0,0.0,0.0
Abadiânia,2020-05-21,0,0,0,0,0.0,0.0,0.0,0.0
Abadiânia,2020-05-22,0,0,0,0,0.0,0.0,0.0,0.0
Abadiânia,2020-05-23,0,0,0,0,0.0,0.0,0.0,0.0
Abadiânia,2020-05-24,0,0,0,0,0.0,0.0,0.0,0.0
Abadiânia,2020-05-25,0,0,0,0,0.0,0.0,0.0,0.0
Abadiânia,2020-05-26,0,0,0,0,0.0,0.0,0.0,0.0
Abadiânia,2020-05-27,0,0,0,0,0.0,0.0,0.0,0.0
Abadiânia,2020-05-28,0,0,0,0,0.0,0.0,0.0,0.0
Abadiânia,2020-05-29,2,2,0,0,0.2857142857142857,0.0,2.0,2.0
Abadiânia,2020-05-30,2,0,0,0,0.2857142857142857,0.0,2.0,2.0
Abadiânia,2020-05-31,2,0,0,0,0.2857142857142857,0.0,2.0,2.0
Abadiânia,2020-06-01,2,0,0,0,0.2857142857142857,0.0,2.0,2.0
Abadiânia,2020-06-02,8,6,0,0,1.1428571428571428,0.0,8.0,8.0
Abadiânia,2020-06-03,8,0,0,0,1.1428571428571428,0.0,8.0,8.0
Abadiânia,2020-06-04,10,2,0,0,1.4285714285714286,0.0,10.0,10.0
Abadiânia,2020-06-05,12,2,0,0,1.4285714285714286,0.0,10.0,10.0
Abadiânia,2020-06-06,12,0,0,0,1.4285714285714286,0.0,10.0,10.0
Abadiânia,2020-06-07,12,0,0,0,1.4285714285714286,0.0,10.0,10.0
Abadiânia,2020-06-08,12,0,0,0,1.4285714285714286,0.0,10.0,10.0
Abadiânia,2020-06-09,14,2,0,0,0.8571428571428571,0.0,6.0,6.0
Abadiânia,2020-06-10,14,0,0,0,0.8571428571428571,0.0,6.0,6.0
Abadiânia,2020-06-11,14,0,0,0,0.5714285714285714,0.0,4.0,4.0
Abadiânia,2020-06-12,14,0,0,0,0.2857142857142857,0.0,2.0,2.0
Abadiânia,2020-06-13,18,4,0,0,0.8571428571428571,0.0,6.0,6.0
Abadiânia,2020-06-14,18,0,0,0,0.8571428571428571,0.0,6.0,6.0
Abadiânia,2020-06-15,19,1,0,0,1.0,0.0,7.0,7.0
Abadiânia,2020-06-16,23,4,0,0,1.2857142857142858,0.0,9.0,9.0
Abadiânia,2020-06-17,26,3,0,0,1.7142857142857142,0.0,12.0,12.0
Abadiânia,2020-06-18,29,3,0,0,2.142857142857143,0.0,15.0,15.0
Abadiânia,2020-06-19,29,0,0,0,2.142857142857143,0.0,15.0,15.0
Abadiânia,2020-06-20,30,1,0,0,1.7142857142857142,0.0,12.0,12.0
Abadiânia,2020-06-21,30,0,0,0,1.7142857142857142,0.0,12.0,12.0
Abadiânia,2020-06-22,31,1,0,0,1.7142857142857142,0.0,12.0,12.0
Abadiânia,2020-06-23,34,3,0,0,1.5714285714285714,0.0,11.0,11.0
Abadiânia,2020-06-24,34,0,0,0,1.1428571428571428,0.0,8.0,8.0
Abadiânia,2020-06-25,35,1,0,0,0.8571428571428571,0.0,6.0,6.0
Abadiânia,2020-06-26,37,2,1,1,1.1428571428571428,0.14285714285714285,8.0,8.0
Abadiânia,2020-06-27,37,0,1,0,1.0,0.14285714285714285,7.0,7.0
Abadiânia,2020-06-28,37,0,1,0,1.0,0.14285714285714285,7.0,7.0
Abadiânia,2020-06-29,40,3,1,0,1.2857142857142858,0.14285714285714285,9.0,9.0
Abadiânia,2020-06-30,42,2,1,0,1.1428571428571428,0.14285714285714285,8.0,8.0
Abadiânia,2020-07-01,46,4,1,0,1.7142857142857142,0.14285714285714285,12.0,12.0
Abadiânia,2020-07-02,46,0,1,0,1.5714285714285714,0.14285714285714285,11.0,11.0
Abadiânia,2020-07-03,46,0,1,0,1.2857142857142858,0.0,9.0,9.0
Abadiânia,2020-07-04,54,8,2,1,2.4285714285714284,0.14285714285714285,17.0,17.0
Abadiânia,2020-07-05,54,0,2,0,2.4285714285714284,0.14285714285714285,17.0,17.0
Abadiânia,2020-07-06,55,1,2,0,2.142857142857143,0.14285714285714285,15.0,15.0
Abadiânia,2020-07-07,56,1,3,1,2.0,0.2857142857142857,14.0,14.0
Abadiânia,2020-07-08,55,-1,3,0,1.2857142857142858,0.2857142857142857,9.0,9.0
Abadiânia,2020-07-09,63,8,3,0,2.4285714285714284,0.2857142857142857,17.0,17.0
Abadiânia,2020-07-10,65,2,3,0,2.7142857142857144,0.2857142857142857,19.0,19.0
Abadiânia,2020-07-11,65,0,3,0,1.5714285714285714,0.14285714285714285,11.0,11.0
Abadiânia,2020-07-12,66,1,4,1,1.7142857142857142,0.2857142857142857,12.0,12.0
Abadiânia,2020-07-13,65,-1,4,0,1.4285714285714286,0.2857142857142857,10.0,10.0
Abadiânia,2020-07-14,68,3,4,0,1.7142857142857142,0.14285714285714285,12.0,12.0
Abadiânia,2020-07-15,68,0,4,0,1.8571428571428572,0.14285714285714285,13.0,13.0
Abadiânia,2020-07-16,68,0,4,0,0.7142857142857143,0.14285714285714285,5.0,5.0
Abadiânia,2020-07-17,68,0,4,0,0.42857142857142855,0.14285714285714285,3.0,3.0
Abadiânia,2020-07-18,68,0,5,1,0.42857142857142855,0.2857142857142857,3.0,3.0
Abadiânia,2020-07-19,68,0,5,0,0.2857142857142857,0.14285714285714285,2.0,2.0
Abadiânia,2020-07-20,68,0,5,0,0.42857142857142855,0.14285714285714285,3.0,3.0
Abadiânia,2020-07-21,72,4,5,0,0.5714285714285714,0.14285714285714285,4.0,4.0
Abadiânia,2020-07-22,72,0,5,0,0.5714285714285714,0.14285714285714285,4.0,4.0
Abadiânia,2020-07-23,73,1,6,1,0.7142857142857143,0.2857142857142857,5.0,5.0
Abadiânia,2020-07-24,77,4,7,1,1.2857142857142858,0.42857142857142855,9.0,9.0
Abadiânia,2020-07-25,77,0,7,0,1.2857142857142858,0.2857142857142857,9.0,9.0
Abadiânia,2020-07-26,77,0,7,0,1.2857142857142858,0.2857142857142857,9.0,9.0
Abadiânia,2020-07-27,76,-1,8,1,1.1428571428571428,0.42857142857142855,8.0,8.0
Abadiânia,2020-07-28,76,0,8,0,0.5714285714285714,0.42857142857142855,4.0,4.0
Abadiânia,2020-07-29,77,1,8,0,0.7142857142857143,0.42857142857142855,5.0,5.0
Abadiânia,2020-07-30,77,0,8,0,0.5714285714285714,0.2857142857142857,4.0,4.0
Abadiânia,2020-07-31,77,0,8,0,0.0,0.14285714285714285,0.0,0.0
Abadiânia,2020-08-01,77,0,8,0,0.0,0.14285714285714285,0.0,0.0
Abadiânia,2020-08-02,77,0,8,0,0.0,0.14285714285714285,0.0,0.0
Abadiânia,2020-08-03,77,0,8,0,0.14285714285714285,0.0,1.0,1.0
Abadiânia,2020-08-04,78,1,8,0,0.2857142857142857,0.0,2.0,2.0
Abadiânia,2020-08-05,79,1,8,0,0.2857142857142857,0.0,2.0,2.0
Abadiânia,2020-08-06,80,1,8,0,0.42857142857142855,0.0,3.0,3.0
Abadiânia,2020-08-07,80,0,8,0,0.42857142857142855,0.0,3.0,3.0
Abadiânia,2020-08-08,80,0,8,0,0.42857142857142855,0.0,3.0,3.0
Abadiânia,2020-08-09,80,0,8,0,0.42857142857142855,0.0,3.0,3.0
Abadiânia,2020-08-10,80,0,8,0,0.42857142857142855,0.0,3.0,3.0
Abadiânia,2020-08-11,80,0,7,-1,0.2857142857142857,-0.14285714285714285,2.0,2.0
Abadiânia,2020-08-12,80,0,7,0,0.14285714285714285,-0.14285714285714285,1.0,1.0
Abadiânia,2020-08-13,80,0,7,0,0.0,-0.14285714285714285,0.0,0.0
Abadiânia,2020-08-14,80,0,7,0,0.0,-0.14285714285714285,0.0,0.0
Abadiânia,2020-08-15,81,1,7,0,0.14285714285714285,-0.14285714285714285,1.0,1.0
Abadiânia,2020-08-16,82,1,7,0,0.2857142857142857,-0.14285714285714285,2.0,2.0
Abadiânia,2020-08-17,82,0,7,0,0.2857142857142857,-0.14285714285714285,2.0,2.0
Abadiânia,2020-08-18,86,4,7,0,0.8571428571428571,0.0,6.0,6.0
Abadiânia,2020-08-19,88,2,8,1,1.1428571428571428,0.14285714285714285,8.0,8.0
Abadiânia,2020-08-20,88,0,8,0,1.1428571428571428,0.14285714285714285,8.0,8.0
Abadiânia,2020-08-21,90,2,8,0,1.4285714285714286,0.14285714285714285,10.0,10.0
Abadiânia,2020-08-22,90,0,8,0,1.2857142857142858,0.14285714285714285,9.0,9.0
Abadiânia,2020-08-23,90,0,8,0,1.1428571428571428,0.14285714285714285,8.0,8.0
Abadiânia,2020-08-24,90,0,8,0,1.1428571428571428,0.14285714285714285,8.0,8.0
Abadiânia,2020-08-25,96,6,8,0,1.4285714285714286,0.14285714285714285,10.0,10.0
Abadiânia,2020-08-26,98,2,8,0,1.4285714285714286,0.0,10.0,10.0
Abadiânia,2020-08-27,98,0,8,0,1.4285714285714286,0.0,10.0,10.0
Abadiânia,2020-08-28,98,0,8,0,1.1428571428571428,0.0,8.0,8.0
Abadiânia,2020-08-29,98,0,8,0,1.1428571428571428,0.0,8.0,8.0
Abadiânia,2020-08-30,98,0,8,0,1.1428571428571428,0.0,8.0,8.0
Abadiânia,2020-08-31,98,0,8,0,1.1428571428571428,0.0,8.0,8.0
Abadiânia,2020-09-01,99,1,8,0,0.42857142857142855,0.0,3.0,3.0
Abadiânia,2020-09-02,99,0,8,0,0.14285714285714285,0.0,1.0,1.0
Abadiânia,2020-09-03,99,0,8,0,0.14285714285714285,0.0,1.0,1.0
Abadiânia,2020-09-04,99,0,8,0,0.14285714285714285,0.0,1.0,1.0
Abadiânia,2020-09-05,100,1,8,0,0.2857142857142857,0.0,2.0,2.0
Abadiânia,2020-09-06,100,0,8,0,0.2857142857142857,0.0,2.0,2.0
Abadiânia,2020-09-07,100,0,8,0,0.2857142857142857,0.0,2.0,2.0
Abadiânia,2020-09-08,103,3,8,0,0.5714285714285714,0.0,4.0,4.0
Abadiânia,2020-09-09,107,4,8,0,1.1428571428571428,0.0,8.0,8.0
Abadiânia,2020-09-10,107,0,8,0,1.1428571428571428,0.0,8.0,8.0
Abadiânia,2020-09-11,107,0,8,0,1.1428571428571428,0.0,8.0,8.0
Abadiânia,2020-09-12,107,0,8,0,1.0,0.0,7.0,7.0
Abadiânia,2020-09-13,107,0,8,0,1.0,0.0,7.0,7.0
Abadiânia,2020-09-14,109,2,8,0,1.2857142857142858,0.0,9.0,9.0
Abadiânia,2020-09-15,116,7,8,0,1.8571428571428572,0.0,13.0,13.0
Abadiânia,2020-09-16,116,0,8,0,1.2857142857142858,0.0,9.0,9.0
Abadiânia,2020-09-17,116,0,8,0,1.2857142857142858,0.0,9.0,9.0
Abadiânia,2020-09-18,118,2,9,1,1.5714285714285714,0.14285714285714285,11.0,11.0
Abadiânia,2020-09-19,119,1,9,0,1.7142857142857142,0.14285714285714285,12.0,12.0
Abadiânia,2020-09-20,119,0,9,0,1.7142857142857142,0.14285714285714285,12.0,12.0
Abadiânia,2020-09-21,121,2,9,0,1.7142857142857142,0.14285714285714285,12.0,12.0
Abadiânia,2020-09-22,121,0,9,0,0.7142857142857143,0.14285714285714285,5.0,5.0
Abadiânia,2020-09-23,123,2,10,1,1.0,0.2857142857142857,7.0,7.0
Abadiânia,2020-09-24,124,1,10,0,1.1428571428571428,0.2857142857142857,8.0,8.0
Abadiânia,2020-09-25,126,2,10,0,1.1428571428571428,0.14285714285714285,8.0,8.0
Abadiânia,2020-09-26,127,1,10,0,1.1428571428571428,0.14285714285714285,8.0,8.0
Abadiânia,2020-09-27,127,0,10,0,1.1428571428571428,0.14285714285714285,8.0,8.0
Abadiânia,2020-09-28,128,1,10,0,1.0,0.14285714285714285,7.0,7.0
Abadiânia,2020-09-29,130,2,11,1,1.2857142857142858,0.2857142857142857,9.0,9.0
Abadiânia,2020-09-30,130,0,11,0,1.0,0.14285714285714285,7.0,7.0
Abadiânia,2020-10-01,130,0,11,0,0.8571428571428571,0.14285714285714285,6.0,6.0
Abadiânia,2020-10-02,130,0,11,0,0.5714285714285714,0.14285714285714285,4.0,4.0
Abadiânia,2020-10-03,130,0,11,0,0.42857142857142855,0.14285714285714285,3.0,3.0
Abadiânia,2020-10-04,130,0,11,0,0.42857142857142855,0.14285714285714285,3.0,3.0
Abadiânia,2020-10-05,131,1,11,0,0.42857142857142855,0.14285714285714285,3.0,3.0
Abadiânia,2020-10-06,131,0,11,0,0.14285714285714285,0.0,1.0,1.0
Abadiânia,2020-10-07,157,26,11,0,3.857142857142857,0.0,27.0,27.0
Abadiânia,2020-10-08,159,2,12,1,4.142857142857143,0.14285714285714285,29.0,29.0
Abadiânia,2020-10-09,158,-1,12,0,4.0,0.14285714285714285,28.0,28.0
Abadiânia,2020-10-10,157,-1,12,0,3.857142857142857,0.14285714285714285,27.0,27.0
Abadiânia,2020-10-11,157,0,12,0,3.857142857142857,0.14285714285714285,27.0,27.0
Abadiânia,2020-10-12,157,0,12,0,3.7142857142857144,0.14285714285714285,26.0,26.0
Abadiânia,2020-10-13,157,0,12,0,3.7142857142857144,0.14285714285714285,26.0,26.0
Abadiânia,2020-10-14,157,0,12,0,0.0,0.14285714285714285,0.0,0.0
Abadiânia,2020-10-15,157,0,12,0,-0.2857142857142857,0.0,-2.0,-2.0
Abadiânia,2020-10-16,163,6,12,0,0.7142857142857143,0.0,5.0,5.0
Abadiânia,2020-10-17,163,0,12,0,0.8571428571428571,0.0,6.0,6.0
Abadiânia,2020-10-18,163,0,12,0,0.8571428571428571,0.0,6.0,6.0
Abadiânia,2020-10-19,163,0,12,0,0.8571428571428571,0.0,6.0,6.0
Abadiânia,2020-10-20,163,0,12,0,0.8571428571428571,0.0,6.0,6.0
Abadiânia,2020-10-21,165,2,12,0,1.1428571428571428,0.0,8.0,8.0
Abadiânia,2020-10-22,165,0,12,0,1.1428571428571428,0.0,8.0,8.0
Abadiânia,2020-10-23,166,1,12,0,0.42857142857142855,0.0,3.0,3.0
Abadiânia,2020-10-24,166,0,12,0,0.42857142857142855,0.0,3.0,3.0
Abadiânia,2020-10-25,166,0,12,0,0.42857142857142855,0.0,3.0,3.0
Abadiânia,2020-10-26,166,0,12,0,0.42857142857142855,0.0,3.0,3.0
Abadiânia,2020-10-27,166,0,12,0,0.42857142857142855,0.0,3.0,3.0
Abadiânia,2020-10-28,166,0,12,0,0.14285714285714285,0.0,1.0,1.0
Abadiânia,2020-10-29,166,0,12,0,0.14285714285714285,0.0,1.0,1.0
Abadiânia,2020-10-30,166,0,12,0,0.0,0.0,0.0,0.0
Abadiânia,2020-10-31,166,0,12,0,0.0,0.0,0.0,0.0
Abadiânia,2020-11-01,166,0,12,0,0.0,0.0,0.0,0.0
Abadiânia,2020-11-02,166,0,12,0,0.0,0.0,0.0,0.0
Abadiânia,2020-11-03,169,3,12,0,0.42857142857142855,0.0,3.0,3.0
Abadiânia,2020-11-04,169,0,12,0,0.42857142857142855,0.0,3.0,3.0
Abadiânia,2020-11-05,169,0,12,0,0.42857142857142855,0.0,3.0,3.0
Abadiânia,2020-11-06,169,0,12,0,0.42857142857142855,0.0,3.0,3.0
Abadiânia,2020-11-07,169,0,12,0,0.42857142857142855,0.0,3.0,3.0
Abadiânia,2020-11-08,169,0,12,0,0.42857142857142855,0.0,3.0,3.0
Abadiânia,2020-11-09,169,0,12,0,0.42857142857142855,0.0,3.0,3.0
Abadiânia,2020-11-10,175,6,12,0,0.8571428571428571,0.0,6.0,6.0
Abadiânia,2020-11-11,175,0,12,0,0.8571428571428571,0.0,6.0,6.0
Abadiânia,2020-11-12,175,0,12,0,0.8571428571428571,0.0,6.0,6.0
Abadiânia,2020-11-13,175,0,12,0,0.8571428571428571,0.0,6.0,6.0
Abadiânia,2020-11-14,176,1,12,0,1.0,0.0,7.0,7.0
Abadiânia,2020-11-15,176,0,12,0,1.0,0.0,7.0,7.0
Abadiânia,2020-11-16,176,0,12,0,1.0,0.0,7.0,7.0
Abadiânia,2020-11-17,176,0,12,0,0.14285714285714285,0.0,1.0,1.0
Abadiânia,2020-11-18,176,0,12,0,0.14285714285714285,0.0,1.0,1.0
Abadiânia,2020-11-19,176,0,12,0,0.14285714285714285,0.0,1.0,1.0
Abadiânia,2020-11-20,176,0,12,0,0.14285714285714285,0.0,1.0,1.0
Abadiânia,2020-11-21,176,0,12,0,0.0,0.0,0.0,0.0
Abadiânia,2020-11-22,177,1,13,1,0.14285714285714285,0.14285714285714285,1.0,1.0
Abadiânia,2020-11-23,177,0,13,0,0.14285714285714285,0.14285714285714285,1.0,1.0
Abadiânia,2020-11-24,177,0,13,0,0.14285714285714285,0.14285714285714285,1.0,1.0
Abadiânia,2020-11-25,177,0,13,0,0.14285714285714285,0.14285714285714285,1.0,1.0
Abadiânia,2020-11-26,177,0,13,0,0.14285714285714285,0.14285714285714285,1.0,1.0
Abadiânia,2020-11-27,177,0,13,0,0.14285714285714285,0.14285714285714285,1.0,1.0
Abadiânia,2020-11-28,177,0,13,0,0.14285714285714285,0.14285714285714285,1.0,1.0
Abadiânia,2020-11-29,178,1,13,0,0.14285714285714285,0.0,1.0,1.0
Abadiânia,2020-11-30,178,0,13,0,0.14285714285714285,0.0,1.0,1.0
Abadiânia,2020-12-01,178,0,13,0,0.14285714285714285,0.0,1.0,1.0
Abadiânia,2020-12-02,180,2,12,-1,0.42857142857142855,-0.14285714285714285,3.0,3.0
Abadiânia,2020-12-03,181,1,12,0,0.5714285714285714,-0.14285714285714285,4.0,4.0
Abadiânia,2020-12-04,181,0,12,0,0.5714285714285714,-0.14285714285714285,4.0,4.0
Abadiânia,2020-12-05,183,2,12,0,0.8571428571428571,-0.14285714285714285,6.0,6.0
Abadiânia,2020-12-06,183,0,12,0,0.7142857142857143,-0.14285714285714285,5.0,5.0
Abadiânia,2020-12-07,183,0,12,0,0.7142857142857143,-0.14285714285714285,5.0,5.0
Abadiânia,2020-12-08,184,1,12,0,0.8571428571428571,-0.14285714285714285,6.0,6.0
Abadiânia,2020-12-09,184,0,12,0,0.5714285714285714,0.0,4.0,4.0
Abadiânia,2020-12-10,187,3,12,0,0.8571428571428571,0.0,6.0,6.0
Abadiânia,2020-12-11,187,0,12,0,0.8571428571428571,0.0,6.0,6.0
Abadiânia,2020-12-12,187,0,12,0,0.5714285714285714,0.0,4.0,4.0
Abadiânia,2020-12-13,187,0,12,0,0.5714285714285714,0.0,4.0,4.0
Abadiânia,2020-12-14,187,0,12,0,0.5714285714285714,0.0,4.0,4.0
Abadiânia,2020-12-15,187,0,12,0,0.42857142857142855,0.0,3.0,3.0
Abadiânia,2020-12-16,187,0,12,0,0.42857142857142855,0.0,3.0,3.0
Abadiânia,2020-12-17,189,2,13,1,0.2857142857142857,0.14285714285714285,2.0,2.0
Abadiânia,2020-12-18,190,1,13,0,0.42857142857142855,0.14285714285714285,3.0,3.0
Abadiânia,2020-12-19,190,0,13,0,0.42857142857142855,0.14285714285714285,3.0,3.0
Abadiânia,2020-12-20,190,0,13,0,0.42857142857142855,0.14285714285714285,3.0,3.0
Abadiânia,2020-12-21,190,0,13,0,0.42857142857142855,0.14285714285714285,3.0,3.0
Abadiânia,2020-12-22,190,0,13,0,0.42857142857142855,0.14285714285714285,3.0,3.0
Abadiânia,2020-12-23,190,0,13,0,0.42857142857142855,0.14285714285714285,3.0,3.0
Abadiânia,2020-12-24,190,0,13,0,0.14285714285714285,0.0,1.0,1.0
Abadiânia,2020-12-25,190,0,13,0,0.0,0.0,0.0,0.0
Abadiânia,2020-12-26,190,0,13,0,0.0,0.0,0.0,0.0
Abadiânia,2020-12-27,190,0,13,0,0.0,0.0,0.0,0.0
Abadiânia,2020-12-28,190,0,13,0,0.0,0.0,0.0,0.0
Abadiânia,2020-12-29,190,0,13,0,0.0,0.0,0.0,0.0
Abadiânia,2020-12-30,190,0,13,0,0.0,0.0,0.0,0.0
Abadiânia,2020-12-31,190,0,13,0,0.0,0.0,0.0,0.0
Abadiânia,2021-01-01,190,0,13,0,0.0,0.0,0.0,0.0
Abadiânia,2021-01-02,190,0,13,0,0.0,0.0,0.0,0.0
Abadiânia,2021-01-03,190,0,13,0,0.0,0.0,0.0,0.0
Abadiânia,2021-01-04,190,0,13,0,0.0,0.0,0.0,0.0
Abadiânia,2021-01-05,191,1,13,0,0.14285714285714285,0.0,1.0,1.0
Abadiânia,2021-01-06,191,0,13,0,0.14285714285714285,0.0,1.0,1.0
Abadiânia,2021-01-07,194,3,13,0,0.5714285714285714,0.0,4.0,4.0
Abadiânia,2021-01-08,196,2,13,0,0.8571428571428571,0.0,6.0,6.0
Abadiânia,2021-01-09,196,0,13,0,0.8571428571428571,0.0,6.0,6.0
Abadiânia,2021-01-10,196,0,13,0,0.8571428571428571,0.0,6.0,6.0
Abadiânia,2021-01-11,197,1,13,0,1.0,0.0,7.0,7.0
Abadiânia,2021-01-12,198,1,13,0,1.0,0.0,7.0,7.0
Abadiânia,2021-01-13,200,2,14,1,1.2857142857142858,0.14285714285714285,9.0,9.0
Abadiânia,2021-01-14,201,1,14,0,1.0,0.14285714285714285,7.0,7.0
Abadiânia,2021-01-15,201,0,14,0,0.7142857142857143,0.14285714285714285,5.0,5.0
Abadiânia,2021-01-16,201,0,14,0,0.7142857142857143,0.14285714285714285,5.0,5.0
Abadiânia,2021-01-17,201,0,14,0,0.7142857142857143,0.14285714285714285,5.0,5.0
Abadiânia,2021-01-18,201,0,14,0,0.5714285714285714,0.14285714285714285,4.0,4.0
Abadiânia,2021-01-19,201,0,14,0,0.42857142857142855,0.14285714285714285,3.0,3.0
Abadiânia,2021-01-20,201,0,14,0,0.14285714285714285,0.0,1.0,1.0
Abadiânia,2021-01-21,201,0,14,0,0.0,0.0,0.0,0.0
Abadiânia,2021-01-22,202,1,14,0,0.14285714285714285,0.0,1.0,1.0
Abadiânia,2021-01-23,204,2,15,1,0.42857142857142855,0.14285714285714285,3.0,3.0
Abadiânia,2021-01-24,204,0,15,0,0.42857142857142855,0.14285714285714285,3.0,3.0
Abadiânia,2021-01-25,205,1,15,0,0.5714285714285714,0.14285714285714285,4.0,4.0
Abadiânia,2021-01-26,205,0,15,0,0.5714285714285714,0.14285714285714285,4.0,4.0
Abadiânia,2021-01-27,205,0,15,0,0.5714285714285714,0.14285714285714285,4.0,4.0
Abadiânia,2021-01-28,206,1,15,0,0.7142857142857143,0.14285714285714285,5.0,5.0
Abadiânia,2021-01-29,206,0,15,0,0.5714285714285714,0.14285714285714285,4.0,4.0
Abadiânia,2021-01-30,208,2,15,0,0.5714285714285714,0.0,4.0,4.0
Abadiânia,2021-01-31,208,0,15,0,0.5714285714285714,0.0,4.0,4.0
Abadiânia,2021-02-01,215,7,15,0,1.4285714285714286,0.0,10.0,10.0
Abadiânia,2021-02-02,216,1,15,0,1.5714285714285714,0.0,11.0,11.0
Abadiânia,2021-02-03,216,0,16,1,1.5714285714285714,0.14285714285714285,11.0,11.0
Abadiânia,2021-02-04,218,2,17,1,1.7142857142857142,0.2857142857142857,12.0,12.0
Abadiânia,2021-02-05,219,1,17,0,1.8571428571428572,0.2857142857142857,13.0,13.0
Abadiânia,2021-02-06,219,0,17,0,1.5714285714285714,0.2857142857142857,11.0,11.0
Abadiânia,2021-02-07,219,0,17,0,1.5714285714285714,0.2857142857142857,11.0,11.0
Abadiânia,2021-02-08,219,0,17,0,0.5714285714285714,0.2857142857142857,4.0,4.0
Abadiânia,2021-02-09,220,1,17,0,0.5714285714285714,0.2857142857142857,4.0,4.0
Abadiânia,2021-02-10,220,0,17,0,0.5714285714285714,0.14285714285714285,4.0,4.0
Abadiânia,2021-02-11,222,2,17,0,0.5714285714285714,0.0,4.0,4.0
Abadiânia,2021-02-12,222,0,17,0,0.42857142857142855,0.0,3.0,3.0
Abadiânia,2021-02-13,222,0,17,0,0.42857142857142855,0.0,3.0,3.0
Abadiânia,2021-02-14,222,0,17,0,0.42857142857142855,0.0,3.0,3.0
Abadiânia,2021-02-15,222,0,17,0,0.42857142857142855,0.0,3.0,3.0
Abadiânia,2021-02-16,222,0,17,0,0.2857142857142857,0.0,2.0,2.0
Abadiânia,2021-02-17,222,0,17,0,0.2857142857142857,0.0,2.0,2.0
Abadiânia,2021-02-18,226,4,17,0,0.5714285714285714,0.0,4.0,4.0
