city,date,cases,daily cases,deaths,daily deaths,daily cases moving average,daily deaths moving average
Abadia de Goiás,2020-03-27,0,0,0,0,,
Abadia de Goiás,2020-03-28,0,0,0,0,,
Abadia de Goiás,2020-03-29,0,0,0,0,,
Abadia de Goiás,2020-03-30,0,0,0,0,,
Abadia de Goiás,2020-03-31,0,0,0,0,,
Abadia de Goiás,2020-04-01,0,0,0,0,,
Abadia de Goiás,2020-04-02,0,0,0,0,0.0,0.0
Abadia de Goiás,2020-04-03,0,0,0,0,0.0,0.0
Abadia de Goiás,2020-04-04,0,0,0,0,0.0,0.0
Abadia de Goiás,2020-04-05,0,0,0,0,0.0,0.0
Abadia de Goiás,2020-04-06,0,0,0,0,0.0,0.0
Abadia de Goiás,2020-04-07,0,0,0,0,0.0,0.0
Abadia de Goiás,2020-04-08,0,0,0,0,0.0,0.0
Abadia de Goiás,2020-04-09,0,0,0,0,0.0,0.0
Abadia de Goiás,2020-04-10,0,0,0,0,0.0,0.0
Abadia de Goiás,2020-04-11,0,0,0,0,0.0,0.0
Abadia de Goiás,2020-04-12,0,0,0,0,0.0,0.0
Abadia de Goiás,2020-04-13,0,0,0,0,0.0,0.0
Abadia de Goiás,2020-04-14,0,0,0,0,0.0,0.0
Abadia de Goiás,2020-04-15,0,0,0,0,0.0,0.0
Abadia de Goiás,2020-04-16,0,0,0,0,0.0,0.0
Abadia de Goiás,2020-04-17,0,0,0,0,0.0,0.0
Abadia de Goiás,2020-04-18,0,0,0,0,0.0,0.0
Abadia de Goiás,2020-04-19,0,0,0,0,0.0,0.0
Abadia de Goiás,2020-04-20,0,0,0,0,0.0,0.0
Abadia de Goiás,2020-04-21,0,0,0,0,0.0,0.0
Abadia de Goiás,2020-04-22,0,0,0,0,0.0,0.0
Abadia de Goiás,2020-04-23,0,0,0,0,0.0,0.0
Abadia de Goiás,2020-04-24,0,0,0,0,0.0,0.0
Abadia de Goiás,2020-04-25,0,0,0,0,0.0,0.0
Abadia de Goiás,2020-04-26,0,0,0,0,0.0,0.0
Abadia de Goiás,2020-04-27,0,0,0,0,0.0,0.0
Abadia de Goiás,2020-04-28,0,0,0,0,0.0,0.0
Abadia de Goiás,2020-04-29,0,0,0,0,0.0,0.0
Abadia de Goiás,2020-04-30,0,0,0,0,0.0,0.0
Abadia de Goiás,2020-05-01,0,0,0,0,0.0,0.0
Abadia de Goiás,2020-05-02,0,0,0,0,0.0,0.0
Abadia de Goiás,2020-05-03,0,0,0,0,0.0,0.0
Abadia de Goiás,2020-05-04,0,0,0,0,0.0,0.0
Abadia de Goiás,2020-05-05,0,0,0,0,0.0,0.0
Abadia de Goiás,2020-05-06,0,0,0,0,0.0,0.0
Abadia de Goiás,2020-05-07,0,0,0,0,0.0,0.0
Abadia de Goiás,2020-05-08,0,0,0,0,0.0,0.0
Abadia de Goiás,2020-05-09,0,0,0,0,0.0,0.0
Abadia de Goiás,2020-05-10,0,0,0,0,0.0,0.0
Abadia de Goiás,2020-05-11,0,0,0,0,0.0,0.0
Abadia de Goiás,2020-05-12,0,0,0,0,0.0,0.0
Abadia de Goiás,2020-05-13,0,0,0,0,0.0,0.0
Abadia de Goiás,2020-05-14,0,0,0,0,0.0,0.0
Abadia de Goiás,2020-05-15,0,0,0,0,0.0,0.0
Abadia de Goiás,2020-05-16,0,0,0,0,0.0,0.0
Abadia de Goiás,2020-05-17,0,0,0,0,0.0,0.0
Abadia de Goiás,2020-05-18,0,0,0,0,0.0,0.0
Abadia de Goiás,2020-05-19,0,0,0,0,0.0,0.0
Abadia de Goiás,2020-05-20,0,0,0,0,0.0,0.0
Abadia de Goiás,2020-05-21,6,6,0,0,0.8571428571428571,0.0
Abadia de Goiás,2020-05-22,6,0,0,0,0.8571428571428571,0.0
Abadia de Goiás,2020-05-23,5,-1,0,0,0.7142857142857143,0.0
Abadia de Goiás,2020-05-24,5,0,0,0,0.7142857142857143,0.0
Abadia de Goiás,2020-05-25,6,1,0,0,0.8571428571428571,0.0
Abadia de Goiás,2020-05-26,6,0,0,0,0.8571428571428571,0.0
Abadia de Goiás,2020-05-27,6,0,0,0,0.8571428571428571,0.0
Abadia de Goiás,2020-05-28,6,0,0,0,0.0,0.0
Abadia de Goiás,2020-05-29,6,0,0,0,0.0,0.0
Abadia de Goiás,2020-05-30,6,0,0,0,0.14285714285714285,0.0
Abadia de Goiás,2020-05-31,6,0,0,0,0.14285714285714285,0.0
Abadia de Goiás,2020-06-01,7,1,0,0,0.14285714285714285,0.0
Abadia de Goiás,2020-06-02,7,0,0,0,0.14285714285714285,0.0
Abadia de Goiás,2020-06-03,8,1,0,0,0.2857142857142857,0.0
Abadia de Goiás,2020-06-04,8,0,0,0,0.2857142857142857,0.0
Abadia de Goiás,2020-06-05,7,-1,0,0,0.14285714285714285,0.0
Abadia de Goiás,2020-06-06,7,0,0,0,0.14285714285714285,0.0
Abadia de Goiás,2020-06-07,7,0,0,0,0.14285714285714285,0.0
Abadia de Goiás,2020-06-08,9,2,0,0,0.2857142857142857,0.0
Abadia de Goiás,2020-06-09,9,0,0,0,0.2857142857142857,0.0
Abadia de Goiás,2020-06-10,11,2,0,0,0.42857142857142855,0.0
Abadia de Goiás,2020-06-11,12,1,0,0,0.5714285714285714,0.0
Abadia de Goiás,2020-06-12,14,2,0,0,1.0,0.0
Abadia de Goiás,2020-06-13,14,0,0,0,1.0,0.0
Abadia de Goiás,2020-06-14,14,0,0,0,1.0,0.0
Abadia de Goiás,2020-06-15,17,3,0,0,1.1428571428571428,0.0
Abadia de Goiás,2020-06-16,20,3,0,0,1.5714285714285714,0.0
Abadia de Goiás,2020-06-17,22,2,0,0,1.5714285714285714,0.0
Abadia de Goiás,2020-06-18,21,-1,0,0,1.2857142857142858,0.0
Abadia de Goiás,2020-06-19,22,1,0,0,1.1428571428571428,0.0
Abadia de Goiás,2020-06-20,22,0,0,0,1.1428571428571428,0.0
Abadia de Goiás,2020-06-21,22,0,0,0,1.1428571428571428,0.0
Abadia de Goiás,2020-06-22,22,0,0,0,0.7142857142857143,0.0
Abadia de Goiás,2020-06-23,28,6,0,0,1.1428571428571428,0.0
Abadia de Goiás,2020-06-24,28,0,0,0,0.8571428571428571,0.0
Abadia de Goiás,2020-06-25,31,3,0,0,1.4285714285714286,0.0
Abadia de Goiás,2020-06-26,33,2,0,0,1.5714285714285714,0.0
Abadia de Goiás,2020-06-27,33,0,0,0,1.5714285714285714,0.0
Abadia de Goiás,2020-06-28,33,0,0,0,1.5714285714285714,0.0
Abadia de Goiás,2020-06-29,32,-1,0,0,1.4285714285714286,0.0
Abadia de Goiás,2020-06-30,38,6,0,0,1.4285714285714286,0.0
Abadia de Goiás,2020-07-01,42,4,0,0,2.0,0.0
Abadia de Goiás,2020-07-02,41,-1,0,0,1.4285714285714286,0.0
Abadia de Goiás,2020-07-03,41,0,0,0,1.1428571428571428,0.0
Abadia de Goiás,2020-07-04,41,0,0,0,1.1428571428571428,0.0
Abadia de Goiás,2020-07-05,41,0,0,0,1.1428571428571428,0.0
Abadia de Goiás,2020-07-06,41,0,0,0,1.2857142857142858,0.0
Abadia de Goiás,2020-07-07,42,1,0,0,0.5714285714285714,0.0
Abadia de Goiás,2020-07-08,52,10,0,0,1.4285714285714286,0.0
Abadia de Goiás,2020-07-09,63,11,0,0,3.142857142857143,0.0
Abadia de Goiás,2020-07-10,78,15,0,0,5.285714285714286,0.0
Abadia de Goiás,2020-07-11,84,6,0,0,6.142857142857143,0.0
Abadia de Goiás,2020-07-12,0,-84,0,0,-5.857142857142857,0.0
Abadia de Goiás,2020-07-13,84,84,0,0,6.142857142857143,0.0
Abadia de Goiás,2020-07-14,94,10,0,0,7.428571428571429,0.0
Abadia de Goiás,2020-07-15,100,6,0,0,6.857142857142857,0.0
Abadia de Goiás,2020-07-16,101,1,0,0,5.428571428571429,0.0
Abadia de Goiás,2020-07-17,103,2,0,0,3.5714285714285716,0.0
Abadia de Goiás,2020-07-18,103,0,0,0,2.7142857142857144,0.0
Abadia de Goiás,2020-07-19,103,0,0,0,14.714285714285714,0.0
Abadia de Goiás,2020-07-20,102,-1,0,0,2.5714285714285716,0.0
Abadia de Goiás,2020-07-21,105,3,1,1,1.5714285714285714,0.14285714285714285
Abadia de Goiás,2020-07-22,114,9,1,0,2.0,0.14285714285714285
Abadia de Goiás,2020-07-23,126,12,1,0,3.5714285714285716,0.14285714285714285
Abadia de Goiás,2020-07-24,131,5,1,0,4.0,0.14285714285714285
Abadia de Goiás,2020-07-25,135,4,1,0,4.571428571428571,0.14285714285714285
Abadia de Goiás,2020-07-26,135,0,1,0,4.571428571428571,0.14285714285714285
Abadia de Goiás,2020-07-27,143,8,1,0,5.857142857142857,0.14285714285714285
Abadia de Goiás,2020-07-28,147,4,1,0,6.0,0.0
Abadia de Goiás,2020-07-29,156,9,1,0,6.0,0.0
Abadia de Goiás,2020-07-30,162,6,1,0,5.142857142857143,0.0
Abadia de Goiás,2020-07-31,173,11,1,0,6.0,0.0
Abadia de Goiás,2020-08-01,182,9,1,0,6.714285714285714,0.0
Abadia de Goiás,2020-08-02,182,0,1,0,6.714285714285714,0.0
Abadia de Goiás,2020-08-03,183,1,1,0,5.714285714285714,0.0
Abadia de Goiás,2020-08-04,193,10,1,0,6.571428571428571,0.0
Abadia de Goiás,2020-08-05,205,12,1,0,7.0,0.0
Abadia de Goiás,2020-08-06,213,8,1,0,7.285714285714286,0.0
Abadia de Goiás,2020-08-07,216,3,1,0,6.142857142857143,0.0
Abadia de Goiás,2020-08-08,217,1,1,0,5.0,0.0
Abadia de Goiás,2020-08-09,217,0,1,0,5.0,0.0
Abadia de Goiás,2020-08-10,218,1,1,0,5.0,0.0
Abadia de Goiás,2020-08-11,246,28,2,1,7.571428571428571,0.14285714285714285
Abadia de Goiás,2020-08-12,254,8,2,0,7.0,0.14285714285714285
Abadia de Goiás,2020-08-13,265,11,2,0,7.428571428571429,0.14285714285714285
Abadia de Goiás,2020-08-14,306,41,2,0,12.857142857142858,0.14285714285714285
Abadia de Goiás,2020-08-15,311,5,2,0,13.428571428571429,0.14285714285714285
Abadia de Goiás,2020-08-16,311,0,2,0,13.428571428571429,0.14285714285714285
Abadia de Goiás,2020-08-17,311,0,2,0,13.285714285714286,0.14285714285714285
Abadia de Goiás,2020-08-18,332,21,2,0,12.285714285714286,0.0
Abadia de Goiás,2020-08-19,352,20,2,0,14.0,0.0
Abadia de Goiás,2020-08-20,351,-1,2,0,12.285714285714286,0.0
Abadia de Goiás,2020-08-21,351,0,2,0,6.428571428571429,0.0
Abadia de Goiás,2020-08-22,357,6,2,0,6.571428571428571,0.0
Abadia de Goiás,2020-08-23,357,0,2,0,6.571428571428571,0.0
Abadia de Goiás,2020-08-24,360,3,2,0,7.0,0.0
Abadia de Goiás,2020-08-25,373,13,3,1,5.857142857142857,0.14285714285714285
Abadia de Goiás,2020-08-26,379,6,3,0,3.857142857142857,0.14285714285714285
Abadia de Goiás,2020-08-27,385,6,3,0,4.857142857142857,0.14285714285714285
Abadia de Goiás,2020-08-28,392,7,3,0,5.857142857142857,0.14285714285714285
Abadia de Goiás,2020-08-29,393,1,3,0,5.142857142857143,0.14285714285714285
Abadia de Goiás,2020-08-30,393,0,3,0,5.142857142857143,0.14285714285714285
Abadia de Goiás,2020-08-31,401,8,3,0,5.857142857142857,0.14285714285714285
Abadia de Goiás,2020-09-01,403,2,4,1,4.285714285714286,0.14285714285714285
Abadia de Goiás,2020-09-02,406,3,4,0,3.857142857142857,0.14285714285714285
Abadia de Goiás,2020-09-03,408,2,4,0,3.2857142857142856,0.14285714285714285
Abadia de Goiás,2020-09-04,442,34,4,0,7.142857142857143,0.14285714285714285
Abadia de Goiás,2020-09-05,441,-1,4,0,6.857142857142857,0.14285714285714285
Abadia de Goiás,2020-09-06,441,0,4,0,6.857142857142857,0.14285714285714285
Abadia de Goiás,2020-09-07,441,0,4,0,5.714285714285714,0.14285714285714285
Abadia de Goiás,2020-09-08,441,0,4,0,5.428571428571429,0.0
Abadia de Goiás,2020-09-09,456,15,5,1,7.142857142857143,0.14285714285714285
Abadia de Goiás,2020-09-10,473,17,6,1,9.285714285714286,0.2857142857142857
Abadia de Goiás,2020-09-11,479,6,6,0,5.285714285714286,0.2857142857142857
Abadia de Goiás,2020-09-12,482,3,6,0,5.857142857142857,0.2857142857142857
Abadia de Goiás,2020-09-13,482,0,6,0,5.857142857142857,0.2857142857142857
Abadia de Goiás,2020-09-14,483,1,6,0,6.0,0.2857142857142857
Abadia de Goiás,2020-09-15,492,9,7,1,7.285714285714286,0.42857142857142855
Abadia de Goiás,2020-09-16,497,5,7,0,5.857142857142857,0.2857142857142857
Abadia de Goiás,2020-09-17,503,6,7,0,4.285714285714286,0.14285714285714285
Abadia de Goiás,2020-09-18,507,4,7,0,4.0,0.14285714285714285
Abadia de Goiás,2020-09-19,506,-1,7,0,3.4285714285714284,0.14285714285714285
Abadia de Goiás,2020-09-20,506,0,7,0,3.4285714285714284,0.14285714285714285
Abadia de Goiás,2020-09-21,507,1,7,0,3.4285714285714284,0.14285714285714285
Abadia de Goiás,2020-09-22,513,6,7,0,3.0,0.0
Abadia de Goiás,2020-09-23,517,4,7,0,2.857142857142857,0.0
Abadia de Goiás,2020-09-24,523,6,7,0,2.857142857142857,0.0
Abadia de Goiás,2020-09-25,527,4,7,0,2.857142857142857,0.0
Abadia de Goiás,2020-09-26,535,8,7,0,4.142857142857143,0.0
Abadia de Goiás,2020-09-27,534,-1,7,0,4.0,0.0
Abadia de Goiás,2020-09-28,532,-2,7,0,3.5714285714285716,0.0
Abadia de Goiás,2020-09-29,539,7,7,0,3.7142857142857144,0.0
Abadia de Goiás,2020-09-30,568,29,7,0,7.285714285714286,0.0
Abadia de Goiás,2020-10-01,574,6,7,0,7.285714285714286,0.0
Abadia de Goiás,2020-10-02,577,3,7,0,7.142857142857143,0.0
Abadia de Goiás,2020-10-03,579,2,7,0,6.285714285714286,0.0
Abadia de Goiás,2020-10-04,579,0,7,0,6.428571428571429,0.0
Abadia de Goiás,2020-10-05,579,0,7,0,6.714285714285714,0.0
Abadia de Goiás,2020-10-06,591,12,7,0,7.428571428571429,0.0
Abadia de Goiás,2020-10-07,595,4,7,0,3.857142857142857,0.0
Abadia de Goiás,2020-10-08,598,3,7,0,3.4285714285714284,0.0
Abadia de Goiás,2020-10-09,601,3,7,0,3.4285714285714284,0.0
Abadia de Goiás,2020-10-10,601,0,7,0,3.142857142857143,0.0
Abadia de Goiás,2020-10-11,601,0,7,0,3.142857142857143,0.0
Abadia de Goiás,2020-10-12,600,-1,7,0,3.0,0.0
Abadia de Goiás,2020-10-13,600,0,7,0,1.2857142857142858,0.0
Abadia de Goiás,2020-10-14,610,10,7,0,2.142857142857143,0.0
Abadia de Goiás,2020-10-15,610,0,7,0,1.7142857142857142,0.0
Abadia de Goiás,2020-10-16,612,2,7,0,1.5714285714285714,0.0
Abadia de Goiás,2020-10-17,612,0,7,0,1.5714285714285714,0.0
Abadia de Goiás,2020-10-18,612,0,7,0,1.5714285714285714,0.0
Abadia de Goiás,2020-10-19,623,11,7,0,3.2857142857142856,0.0
Abadia de Goiás,2020-10-20,626,3,7,0,3.7142857142857144,0.0
Abadia de Goiás,2020-10-21,628,2,7,0,2.5714285714285716,0.0
Abadia de Goiás,2020-10-22,634,6,7,0,3.4285714285714284,0.0
Abadia de Goiás,2020-10-23,636,2,7,0,3.4285714285714284,0.0
Abadia de Goiás,2020-10-24,643,7,7,0,4.428571428571429,0.0
Abadia de Goiás,2020-10-25,642,-1,7,0,4.285714285714286,0.0
Abadia de Goiás,2020-10-26,642,0,7,0,2.7142857142857144,0.0
Abadia de Goiás,2020-10-27,650,8,7,0,3.4285714285714284,0.0
Abadia de Goiás,2020-10-28,650,0,7,0,3.142857142857143,0.0
Abadia de Goiás,2020-10-29,660,10,7,0,3.7142857142857144,0.0
Abadia de Goiás,2020-10-30,659,-1,7,0,3.2857142857142856,0.0
Abadia de Goiás,2020-10-31,659,0,7,0,2.2857142857142856,0.0
Abadia de Goiás,2020-11-01,659,0,7,0,2.4285714285714284,0.0
Abadia de Goiás,2020-11-02,659,0,7,0,2.4285714285714284,0.0
Abadia de Goiás,2020-11-03,660,1,7,0,1.4285714285714286,0.0
Abadia de Goiás,2020-11-04,660,0,7,0,1.4285714285714286,0.0
Abadia de Goiás,2020-11-05,659,-1,7,0,-0.14285714285714285,0.0
Abadia de Goiás,2020-11-06,668,9,7,0,1.2857142857142858,0.0
Abadia de Goiás,2020-11-07,668,0,7,0,1.2857142857142858,0.0
Abadia de Goiás,2020-11-08,668,0,7,0,1.2857142857142858,0.0
Abadia de Goiás,2020-11-09,668,0,7,0,1.2857142857142858,0.0
Abadia de Goiás,2020-11-10,670,2,7,0,1.4285714285714286,0.0
Abadia de Goiás,2020-11-11,672,2,7,0,1.7142857142857142,0.0
Abadia de Goiás,2020-11-12,673,1,7,0,2.0,0.0
Abadia de Goiás,2020-11-13,680,7,7,0,1.7142857142857142,0.0
Abadia de Goiás,2020-11-14,682,2,7,0,2.0,0.0
Abadia de Goiás,2020-11-15,682,0,7,0,2.0,0.0
Abadia de Goiás,2020-11-16,683,1,7,0,2.142857142857143,0.0
Abadia de Goiás,2020-11-17,685,2,7,0,2.142857142857143,0.0
Abadia de Goiás,2020-11-18,688,3,7,0,2.2857142857142856,0.0
Abadia de Goiás,2020-11-19,688,0,7,0,2.142857142857143,0.0
Abadia de Goiás,2020-11-20,690,2,7,0,1.4285714285714286,0.0
Abadia de Goiás,2020-11-21,692,2,7,0,1.4285714285714286,0.0
Abadia de Goiás,2020-11-22,692,0,7,0,1.4285714285714286,0.0
Abadia de Goiás,2020-11-23,693,1,7,0,1.4285714285714286,0.0
Abadia de Goiás,2020-11-24,697,4,7,0,1.7142857142857142,0.0
Abadia de Goiás,2020-11-25,702,5,7,0,2.0,0.0
Abadia de Goiás,2020-11-26,709,7,7,0,3.0,0.0
Abadia de Goiás,2020-11-27,709,0,7,0,2.7142857142857144,0.0
Abadia de Goiás,2020-11-28,712,3,7,0,2.857142857142857,0.0
Abadia de Goiás,2020-11-29,712,0,7,0,2.857142857142857,0.0
Abadia de Goiás,2020-11-30,713,1,7,0,2.857142857142857,0.0
Abadia de Goiás,2020-12-01,717,4,7,0,2.857142857142857,0.0
Abadia de Goiás,2020-12-02,719,2,7,0,2.4285714285714284,0.0
Abadia de Goiás,2020-12-03,724,5,7,0,2.142857142857143,0.0
Abadia de Goiás,2020-12-04,725,1,7,0,2.2857142857142856,0.0
Abadia de Goiás,2020-12-05,728,3,7,0,2.2857142857142856,0.0
Abadia de Goiás,2020-12-06,728,0,7,0,2.2857142857142856,0.0
Abadia de Goiás,2020-12-07,728,0,7,0,2.142857142857143,0.0
Abadia de Goiás,2020-12-08,731,3,7,0,2.0,0.0
Abadia de Goiás,2020-12-09,736,5,7,0,2.4285714285714284,0.0
Abadia de Goiás,2020-12-10,739,3,7,0,2.142857142857143,0.0
Abadia de Goiás,2020-12-11,742,3,7,0,2.4285714285714284,0.0
Abadia de Goiás,2020-12-12,742,0,7,0,2.0,0.0
Abadia de Goiás,2020-12-13,742,0,7,0,2.0,0.0
Abadia de Goiás,2020-12-14,744,2,7,0,2.2857142857142856,0.0
Abadia de Goiás,2020-12-15,746,2,8,1,2.142857142857143,0.14285714285714285
Abadia de Goiás,2020-12-16,746,0,8,0,1.4285714285714286,0.14285714285714285
Abadia de Goiás,2020-12-17,748,2,8,0,1.2857142857142858,0.14285714285714285
Abadia de Goiás,2020-12-18,751,3,8,0,1.2857142857142858,0.14285714285714285
Abadia de Goiás,2020-12-19,752,1,8,0,1.4285714285714286,0.14285714285714285
Abadia de Goiás,2020-12-20,752,0,8,0,1.4285714285714286,0.14285714285714285
Abadia de Goiás,2020-12-21,752,0,8,0,1.1428571428571428,0.14285714285714285
Abadia de Goiás,2020-12-22,753,1,8,0,1.0,0.0
Abadia de Goiás,2020-12-23,758,5,8,0,1.7142857142857142,0.0
Abadia de Goiás,2020-12-24,762,4,8,0,2.0,0.0
Abadia de Goiás,2020-12-25,761,-1,8,0,1.4285714285714286,0.0
Abadia de Goiás,2020-12-26,761,0,8,0,1.2857142857142858,0.0
Abadia de Goiás,2020-12-27,761,0,8,0,1.2857142857142858,0.0
Abadia de Goiás,2020-12-28,761,0,8,0,1.2857142857142858,0.0
Abadia de Goiás,2020-12-29,764,3,8,0,1.5714285714285714,0.0
Abadia de Goiás,2020-12-30,764,0,8,0,0.8571428571428571,0.0
Abadia de Goiás,2020-12-31,764,0,8,0,0.2857142857142857,0.0
Abadia de Goiás,2021-01-01,763,-1,8,0,0.2857142857142857,0.0
Abadia de Goiás,2021-01-02,763,0,8,0,0.2857142857142857,0.0
Abadia de Goiás,2021-01-03,763,0,8,0,0.2857142857142857,0.0
Abadia de Goiás,2021-01-04,763,0,8,0,0.2857142857142857,0.0
Abadia de Goiás,2021-01-05,768,5,8,0,0.5714285714285714,0.0
Abadia de Goiás,2021-01-06,768,0,8,0,0.5714285714285714,0.0
Abadia de Goiás,2021-01-07,768,0,8,0,0.5714285714285714,0.0
Abadia de Goiás,2021-01-08,770,2,9,1,1.0,0.14285714285714285
Abadia de Goiás,2021-01-09,773,3,9,0,1.4285714285714286,0.14285714285714285
Abadia de Goiás,2021-01-10,773,0,9,0,1.4285714285714286,0.14285714285714285
Abadia de Goiás,2021-01-11,773,0,9,0,1.4285714285714286,0.14285714285714285
Abadia de Goiás,2021-01-12,773,0,9,0,0.7142857142857143,0.14285714285714285
Abadia de Goiás,2021-01-13,777,4,9,0,1.2857142857142858,0.14285714285714285
Abadia de Goiás,2021-01-14,779,2,9,0,1.5714285714285714,0.14285714285714285
Abadia de Goiás,2021-01-15,779,0,9,0,1.2857142857142858,0.0
Abadia de Goiás,2021-01-16,786,7,9,0,1.8571428571428572,0.0
Abadia de Goiás,2021-01-17,785,-1,10,1,1.7142857142857142,0.14285714285714285
Abadia de Goiás,2021-01-18,786,1,10,0,1.8571428571428572,0.14285714285714285
Abadia de Goiás,2021-01-19,789,3,10,0,2.2857142857142856,0.14285714285714285
Abadia de Goiás,2021-01-20,789,0,10,0,1.7142857142857142,0.14285714285714285
Abadia de Goiás,2021-01-21,790,1,10,0,1.5714285714285714,0.14285714285714285
Abadia de Goiás,2021-01-22,794,4,10,0,2.142857142857143,0.14285714285714285
Abadia de Goiás,2021-01-23,794,0,10,0,1.1428571428571428,0.14285714285714285
Abadia de Goiás,2021-01-24,794,0,10,0,1.2857142857142858,0.0
Abadia de Goiás,2021-01-25,796,2,10,0,1.4285714285714286,0.0
Abadia de Goiás,2021-01-26,796,0,10,0,1.0,0.0
Abadia de Goiás,2021-01-27,797,1,10,0,1.1428571428571428,0.0
Abadia de Goiás,2021-01-28,804,7,10,0,2.0,0.0
Abadia de Goiás,2021-01-29,805,1,10,0,1.5714285714285714,0.0
Abadia de Goiás,2021-01-30,806,1,10,0,1.7142857142857142,0.0
Abadia de Goiás,2021-01-31,806,0,10,0,1.7142857142857142,0.0
Abadia de Goiás,2021-02-01,806,0,10,0,1.4285714285714286,0.0
Abadia de Goiás,2021-02-02,811,5,10,0,2.142857142857143,0.0
Abadia de Goiás,2021-02-03,812,1,10,0,2.142857142857143,0.0
Abadia de Goiás,2021-02-04,813,1,11,1,1.2857142857142858,0.14285714285714285
Abadia de Goiás,2021-02-05,812,-1,11,0,1.0,0.14285714285714285
Abadia de Goiás,2021-02-06,823,11,11,0,2.4285714285714284,0.14285714285714285
Abadia de Goiás,2021-02-07,823,0,11,0,2.4285714285714284,0.14285714285714285
Abadia de Goiás,2021-02-08,823,0,11,0,2.4285714285714284,0.14285714285714285
Abadia de Goiás,2021-02-09,825,2,11,0,2.0,0.14285714285714285
Abadia de Goiás,2021-02-10,826,1,11,0,2.0,0.14285714285714285
Abadia de Goiás,2021-02-11,829,3,11,0,2.2857142857142856,0.0
Abadia de Goiás,2021-02-12,830,1,11,0,2.5714285714285716,0.0
