municipio,data,casosAcumulado,casosNovos,obitosAcumulado,obitosNovos,daily_cases_moving average,daily_deaths_moving average,sum_of_daily_cases_week,sum_of_daily_deaths_week
Abre Campo,2020-03-27,0,0,0,0,3.0,0.0,21.0,0.0
Abre Campo,2020-03-28,0,0,0,0,2.4285714285714284,0.0,17.0,0.0
Abre Campo,2020-03-29,0,0,0,0,1.7142857142857142,0.0,12.0,0.0
Abre Campo,2020-03-30,0,0,0,0,1.7142857142857142,0.0,12.0,0.0
Abre Campo,2020-03-31,0,0,0,0,1.7142857142857142,0.0,12.0,0.0
Abre Campo,2020-04-01,0,0,0,0,1.1428571428571428,0.0,8.0,0.0
Abre Campo,2020-04-02,0,0,0,0,0.0,0.0,0.0,0.0
Abre Campo,2020-04-03,0,0,0,0,0.0,0.0,0.0,0.0
Abre Campo,2020-04-04,0,0,0,0,0.0,0.0,0.0,0.0
Abre Campo,2020-04-05,0,0,0,0,0.0,0.0,0.0,0.0
Abre Campo,2020-04-06,0,0,0,0,0.0,0.0,0.0,0.0
Abre Campo,2020-04-07,0,0,0,0,0.0,0.0,0.0,0.0
Abre Campo,2020-04-08,0,0,0,0,0.0,0.0,0.0,0.0
Abre Campo,2020-04-09,0,0,0,0,0.0,0.0,0.0,0.0
Abre Campo,2020-04-10,0,0,0,0,0.0,0.0,0.0,0.0
Abre Campo,2020-04-11,0,0,0,0,0.0,0.0,0.0,0.0
Abre Campo,2020-04-12,0,0,0,0,0.0,0.0,0.0,0.0
Abre Campo,2020-04-13,0,0,0,0,0.0,0.0,0.0,0.0
Abre Campo,2020-04-14,0,0,0,0,0.0,0.0,0.0,0.0
Abre Campo,2020-04-15,0,0,0,0,0.0,0.0,0.0,0.0
Abre Campo,2020-04-16,0,0,0,0,0.0,0.0,0.0,0.0
Abre Campo,2020-04-17,0,0,0,0,0.0,0.0,0.0,0.0
Abre Campo,2020-04-18,0,0,0,0,0.0,0.0,0.0,0.0
Abre Campo,2020-04-19,0,0,0,0,0.0,0.0,0.0,0.0
Abre Campo,2020-04-20,0,0,0,0,0.0,0.0,0.0,0.0
Abre Campo,2020-04-21,0,0,0,0,0.0,0.0,0.0,0.0
Abre Campo,2020-04-22,0,0,0,0,0.0,0.0,0.0,0.0
Abre Campo,2020-04-23,0,0,0,0,0.0,0.0,0.0,0.0
Abre Campo,2020-04-24,0,0,0,0,0.0,0.0,0.0,0.0
Abre Campo,2020-04-25,0,0,0,0,0.0,0.0,0.0,0.0
Abre Campo,2020-04-26,0,0,0,0,0.0,0.0,0.0,0.0
Abre Campo,2020-04-27,0,0,0,0,0.0,0.0,0.0,0.0
Abre Campo,2020-04-28,0,0,0,0,0.0,0.0,0.0,0.0
Abre Campo,2020-04-29,0,0,0,0,0.0,0.0,0.0,0.0
Abre Campo,2020-04-30,0,0,0,0,0.0,0.0,0.0,0.0
Abre Campo,2020-05-01,0,0,0,0,0.0,0.0,0.0,0.0
Abre Campo,2020-05-02,0,0,0,0,0.0,0.0,0.0,0.0
Abre Campo,2020-05-03,0,0,0,0,0.0,0.0,0.0,0.0
Abre Campo,2020-05-04,0,0,0,0,0.0,0.0,0.0,0.0
Abre Campo,2020-05-05,0,0,0,0,0.0,0.0,0.0,0.0
Abre Campo,2020-05-06,0,0,0,0,0.0,0.0,0.0,0.0
Abre Campo,2020-05-07,0,0,0,0,0.0,0.0,0.0,0.0
Abre Campo,2020-05-08,0,0,0,0,0.0,0.0,0.0,0.0
Abre Campo,2020-05-09,0,0,0,0,0.0,0.0,0.0,0.0
Abre Campo,2020-05-10,0,0,0,0,0.0,0.0,0.0,0.0
Abre Campo,2020-05-11,0,0,0,0,0.0,0.0,0.0,0.0
Abre Campo,2020-05-12,0,0,0,0,0.0,0.0,0.0,0.0
Abre Campo,2020-05-13,0,0,0,0,0.0,0.0,0.0,0.0
Abre Campo,2020-05-14,0,0,0,0,0.0,0.0,0.0,0.0
Abre Campo,2020-05-15,0,0,0,0,0.0,0.0,0.0,0.0
Abre Campo,2020-05-16,0,0,0,0,0.0,0.0,0.0,0.0
Abre Campo,2020-05-17,0,0,0,0,0.0,0.0,0.0,0.0
Abre Campo,2020-05-18,0,0,0,0,0.0,0.0,0.0,0.0
Abre Campo,2020-05-19,0,0,0,0,0.0,0.0,0.0,0.0
Abre Campo,2020-05-20,0,0,0,0,0.0,0.0,0.0,0.0
Abre Campo,2020-05-21,0,0,0,0,0.0,0.0,0.0,0.0
Abre Campo,2020-05-22,0,0,0,0,0.0,0.0,0.0,0.0
Abre Campo,2020-05-23,0,0,0,0,0.0,0.0,0.0,0.0
Abre Campo,2020-05-24,0,0,0,0,0.0,0.0,0.0,0.0
Abre Campo,2020-05-25,0,0,0,0,0.0,0.0,0.0,0.0
Abre Campo,2020-05-26,0,0,0,0,0.0,0.0,0.0,0.0
Abre Campo,2020-05-27,0,0,0,0,0.0,0.0,0.0,0.0
Abre Campo,2020-05-28,0,0,0,0,0.0,0.0,0.0,0.0
Abre Campo,2020-05-29,0,0,0,0,0.0,0.0,0.0,0.0
Abre Campo,2020-05-30,0,0,0,0,0.0,0.0,0.0,0.0
Abre Campo,2020-05-31,0,0,0,0,0.0,0.0,0.0,0.0
Abre Campo,2020-06-01,0,0,0,0,0.0,0.0,0.0,0.0
Abre Campo,2020-06-02,0,0,0,0,0.0,0.0,0.0,0.0
Abre Campo,2020-06-03,0,0,0,0,0.0,0.0,0.0,0.0
Abre Campo,2020-06-04,0,0,0,0,0.0,0.0,0.0,0.0
Abre Campo,2020-06-05,0,0,0,0,0.0,0.0,0.0,0.0
Abre Campo,2020-06-06,0,0,0,0,0.0,0.0,0.0,0.0
Abre Campo,2020-06-07,0,0,0,0,0.0,0.0,0.0,0.0
Abre Campo,2020-06-08,4,4,0,0,0.5714285714285714,0.0,4.0,0.0
Abre Campo,2020-06-09,4,0,0,0,0.5714285714285714,0.0,4.0,0.0
Abre Campo,2020-06-10,5,1,0,0,0.7142857142857143,0.0,5.0,0.0
Abre Campo,2020-06-11,5,0,0,0,0.7142857142857143,0.0,5.0,0.0
Abre Campo,2020-06-12,5,0,0,0,0.7142857142857143,0.0,5.0,0.0
Abre Campo,2020-06-13,7,2,0,0,1.0,0.0,7.0,0.0
Abre Campo,2020-06-14,8,1,0,0,1.1428571428571428,0.0,8.0,0.0
Abre Campo,2020-06-15,8,0,0,0,0.5714285714285714,0.0,4.0,0.0
Abre Campo,2020-06-16,8,0,0,0,0.5714285714285714,0.0,4.0,0.0
Abre Campo,2020-06-17,8,0,0,0,0.42857142857142855,0.0,3.0,0.0
Abre Campo,2020-06-18,8,0,0,0,0.42857142857142855,0.0,3.0,0.0
Abre Campo,2020-06-19,8,0,0,0,0.42857142857142855,0.0,3.0,0.0
Abre Campo,2020-06-20,9,1,0,0,0.2857142857142857,0.0,2.0,0.0
Abre Campo,2020-06-21,9,0,0,0,0.14285714285714285,0.0,1.0,0.0
Abre Campo,2020-06-22,8,-1,0,0,0.0,0.0,0.0,0.0
Abre Campo,2020-06-23,8,0,0,0,0.0,0.0,0.0,0.0
Abre Campo,2020-06-24,8,0,0,0,0.0,0.0,0.0,0.0
Abre Campo,2020-06-25,8,0,0,0,0.0,0.0,0.0,0.0
Abre Campo,2020-06-26,7,-1,0,0,-0.14285714285714285,0.0,-1.0,0.0
Abre Campo,2020-06-27,7,0,0,0,-0.2857142857142857,0.0,-2.0,0.0
Abre Campo,2020-06-28,7,0,0,0,-0.2857142857142857,0.0,-2.0,0.0
Abre Campo,2020-06-29,7,0,0,0,-0.14285714285714285,0.0,-1.0,0.0
Abre Campo,2020-06-30,7,0,0,0,-0.14285714285714285,0.0,-1.0,0.0
Abre Campo,2020-07-01,7,0,0,0,-0.14285714285714285,0.0,-1.0,0.0
Abre Campo,2020-07-02,7,0,0,0,-0.14285714285714285,0.0,-1.0,0.0
Abre Campo,2020-07-03,7,0,0,0,0.0,0.0,0.0,0.0
Abre Campo,2020-07-04,7,0,0,0,0.0,0.0,0.0,0.0
Abre Campo,2020-07-05,7,0,0,0,0.0,0.0,0.0,0.0
Abre Campo,2020-07-06,7,0,0,0,0.0,0.0,0.0,0.0
Abre Campo,2020-07-07,9,2,0,0,0.2857142857142857,0.0,2.0,0.0
Abre Campo,2020-07-08,9,0,0,0,0.2857142857142857,0.0,2.0,0.0
Abre Campo,2020-07-09,9,0,0,0,0.2857142857142857,0.0,2.0,0.0
Abre Campo,2020-07-10,9,0,0,0,0.2857142857142857,0.0,2.0,0.0
Abre Campo,2020-07-11,9,0,0,0,0.2857142857142857,0.0,2.0,0.0
Abre Campo,2020-07-12,9,0,0,0,0.2857142857142857,0.0,2.0,0.0
Abre Campo,2020-07-13,9,0,0,0,0.2857142857142857,0.0,2.0,0.0
Abre Campo,2020-07-14,9,0,0,0,0.0,0.0,0.0,0.0
Abre Campo,2020-07-15,10,1,0,0,0.14285714285714285,0.0,1.0,0.0
Abre Campo,2020-07-16,11,1,0,0,0.2857142857142857,0.0,2.0,0.0
Abre Campo,2020-07-17,11,0,0,0,0.2857142857142857,0.0,2.0,0.0
Abre Campo,2020-07-18,12,1,0,0,0.42857142857142855,0.0,3.0,0.0
Abre Campo,2020-07-19,16,4,0,0,1.0,0.0,7.0,0.0
Abre Campo,2020-07-20,16,0,0,0,1.0,0.0,7.0,0.0
Abre Campo,2020-07-21,16,0,0,0,1.0,0.0,7.0,0.0
Abre Campo,2020-07-22,16,0,0,0,0.8571428571428571,0.0,6.0,0.0
Abre Campo,2020-07-23,17,1,0,0,0.8571428571428571,0.0,6.0,0.0
Abre Campo,2020-07-24,17,0,0,0,0.8571428571428571,0.0,6.0,0.0
Abre Campo,2020-07-25,17,0,0,0,0.7142857142857143,0.0,5.0,0.0
Abre Campo,2020-07-26,17,0,0,0,0.14285714285714285,0.0,1.0,0.0
Abre Campo,2020-07-27,17,0,0,0,0.14285714285714285,0.0,1.0,0.0
Abre Campo,2020-07-28,17,0,0,0,0.14285714285714285,0.0,1.0,0.0
Abre Campo,2020-07-29,17,0,0,0,0.14285714285714285,0.0,1.0,0.0
Abre Campo,2020-07-30,20,3,0,0,0.42857142857142855,0.0,3.0,0.0
Abre Campo,2020-07-31,22,2,0,0,0.7142857142857143,0.0,5.0,0.0
Abre Campo,2020-08-01,23,1,0,0,0.8571428571428571,0.0,6.0,0.0
Abre Campo,2020-08-02,26,3,0,0,1.2857142857142858,0.0,9.0,0.0
Abre Campo,2020-08-03,26,0,0,0,1.2857142857142858,0.0,9.0,0.0
Abre Campo,2020-08-04,26,0,0,0,1.2857142857142858,0.0,9.0,0.0
Abre Campo,2020-08-05,26,0,0,0,1.2857142857142858,0.0,9.0,0.0
Abre Campo,2020-08-06,27,1,0,0,1.0,0.0,7.0,0.0
Abre Campo,2020-08-07,27,0,0,0,0.7142857142857143,0.0,5.0,0.0
Abre Campo,2020-08-08,27,0,0,0,0.5714285714285714,0.0,4.0,0.0
Abre Campo,2020-08-09,27,0,0,0,0.14285714285714285,0.0,1.0,0.0
Abre Campo,2020-08-10,27,0,0,0,0.14285714285714285,0.0,1.0,0.0
Abre Campo,2020-08-11,27,0,0,0,0.14285714285714285,0.0,1.0,0.0
Abre Campo,2020-08-12,27,0,0,0,0.14285714285714285,0.0,1.0,0.0
Abre Campo,2020-08-13,27,0,0,0,0.0,0.0,0.0,0.0
Abre Campo,2020-08-14,29,2,0,0,0.2857142857142857,0.0,2.0,0.0
Abre Campo,2020-08-15,29,0,0,0,0.2857142857142857,0.0,2.0,0.0
Abre Campo,2020-08-16,30,1,0,0,0.42857142857142855,0.0,3.0,0.0
Abre Campo,2020-08-17,30,0,0,0,0.42857142857142855,0.0,3.0,0.0
Abre Campo,2020-08-18,30,0,0,0,0.42857142857142855,0.0,3.0,0.0
Abre Campo,2020-08-19,30,0,0,0,0.42857142857142855,0.0,3.0,0.0
Abre Campo,2020-08-20,38,8,0,0,1.5714285714285714,0.0,11.0,0.0
Abre Campo,2020-08-21,38,0,0,0,1.2857142857142858,0.0,9.0,0.0
Abre Campo,2020-08-22,39,1,0,0,1.4285714285714286,0.0,10.0,0.0
Abre Campo,2020-08-23,39,0,0,0,1.2857142857142858,0.0,9.0,0.0
Abre Campo,2020-08-24,39,0,0,0,1.2857142857142858,0.0,9.0,0.0
Abre Campo,2020-08-25,39,0,0,0,1.2857142857142858,0.0,9.0,0.0
Abre Campo,2020-08-26,44,5,0,0,2.0,0.0,14.0,0.0
Abre Campo,2020-08-27,44,0,0,0,0.8571428571428571,0.0,6.0,0.0
Abre Campo,2020-08-28,45,1,0,0,1.0,0.0,7.0,0.0
Abre Campo,2020-08-29,47,2,0,0,1.1428571428571428,0.0,8.0,0.0
Abre Campo,2020-08-30,47,0,0,0,1.1428571428571428,0.0,8.0,0.0
Abre Campo,2020-08-31,48,1,0,0,1.2857142857142858,0.0,9.0,0.0
Abre Campo,2020-09-01,48,0,0,0,1.2857142857142858,0.0,9.0,0.0
Abre Campo,2020-09-02,49,1,0,0,0.7142857142857143,0.0,5.0,0.0
Abre Campo,2020-09-03,50,1,0,0,0.8571428571428571,0.0,6.0,0.0
Abre Campo,2020-09-04,51,1,0,0,0.8571428571428571,0.0,6.0,0.0
Abre Campo,2020-09-05,54,3,0,0,1.0,0.0,7.0,0.0
Abre Campo,2020-09-06,54,0,0,0,1.0,0.0,7.0,0.0
Abre Campo,2020-09-07,54,0,0,0,0.8571428571428571,0.0,6.0,0.0
Abre Campo,2020-09-08,54,0,0,0,0.8571428571428571,0.0,6.0,0.0
Abre Campo,2020-09-09,54,0,0,0,0.7142857142857143,0.0,5.0,0.0
Abre Campo,2020-09-10,54,0,0,0,0.5714285714285714,0.0,4.0,0.0
Abre Campo,2020-09-11,56,2,0,0,0.7142857142857143,0.0,5.0,0.0
Abre Campo,2020-09-12,56,0,0,0,0.2857142857142857,0.0,2.0,0.0
Abre Campo,2020-09-13,61,5,0,0,1.0,0.0,7.0,0.0
Abre Campo,2020-09-14,61,0,0,0,1.0,0.0,7.0,0.0
Abre Campo,2020-09-15,61,0,0,0,1.0,0.0,7.0,0.0
Abre Campo,2020-09-16,62,1,0,0,1.1428571428571428,0.0,8.0,0.0
Abre Campo,2020-09-17,62,0,0,0,1.1428571428571428,0.0,8.0,0.0
Abre Campo,2020-09-18,67,5,0,0,1.5714285714285714,0.0,11.0,0.0
Abre Campo,2020-09-19,67,0,0,0,1.5714285714285714,0.0,11.0,0.0
Abre Campo,2020-09-20,71,4,0,0,1.4285714285714286,0.0,10.0,0.0
Abre Campo,2020-09-21,71,0,0,0,1.4285714285714286,0.0,10.0,0.0
Abre Campo,2020-09-22,71,0,0,0,1.4285714285714286,0.0,10.0,0.0
Abre Campo,2020-09-23,72,1,0,0,1.4285714285714286,0.0,10.0,0.0
Abre Campo,2020-09-24,72,0,0,0,1.4285714285714286,0.0,10.0,0.0
Abre Campo,2020-09-25,75,3,0,0,1.1428571428571428,0.0,8.0,0.0
Abre Campo,2020-09-26,76,1,0,0,1.2857142857142858,0.0,9.0,0.0
Abre Campo,2020-09-27,77,1,0,0,0.8571428571428571,0.0,6.0,0.0
Abre Campo,2020-09-28,77,0,0,0,0.8571428571428571,0.0,6.0,0.0
Abre Campo,2020-09-29,77,0,0,0,0.8571428571428571,0.0,6.0,0.0
Abre Campo,2020-09-30,85,8,0,0,1.8571428571428572,0.0,13.0,0.0
Abre Campo,2020-10-01,85,0,0,0,1.8571428571428572,0.0,13.0,0.0
Abre Campo,2020-10-02,88,3,0,0,1.8571428571428572,0.0,13.0,0.0
Abre Campo,2020-10-03,89,1,0,0,1.8571428571428572,0.0,13.0,0.0
Abre Campo,2020-10-04,89,0,0,0,1.7142857142857142,0.0,12.0,0.0
Abre Campo,2020-10-05,91,2,0,0,2.0,0.0,14.0,0.0
Abre Campo,2020-10-06,91,0,0,0,2.0,0.0,14.0,0.0
Abre Campo,2020-10-07,92,1,0,0,1.0,0.0,7.0,0.0
Abre Campo,2020-10-08,92,0,0,0,1.0,0.0,7.0,0.0
Abre Campo,2020-10-09,92,0,0,0,0.5714285714285714,0.0,4.0,0.0
Abre Campo,2020-10-10,100,8,0,0,1.5714285714285714,0.0,11.0,0.0
Abre Campo,2020-10-11,103,3,0,0,2.0,0.0,14.0,0.0
Abre Campo,2020-10-12,103,0,0,0,1.7142857142857142,0.0,12.0,0.0
Abre Campo,2020-10-13,103,0,0,0,1.7142857142857142,0.0,12.0,0.0
Abre Campo,2020-10-14,103,0,0,0,1.5714285714285714,0.0,11.0,0.0
Abre Campo,2020-10-15,102,-1,1,1,1.4285714285714286,0.14285714285714285,10.0,1.0
Abre Campo,2020-10-16,103,1,1,0,1.5714285714285714,0.14285714285714285,11.0,1.0
Abre Campo,2020-10-17,104,1,1,0,0.5714285714285714,0.14285714285714285,4.0,1.0
Abre Campo,2020-10-18,104,0,1,0,0.14285714285714285,0.14285714285714285,1.0,1.0
Abre Campo,2020-10-19,104,0,1,0,0.14285714285714285,0.14285714285714285,1.0,1.0
Abre Campo,2020-10-20,106,2,1,0,0.42857142857142855,0.14285714285714285,3.0,1.0
Abre Campo,2020-10-21,107,1,1,0,0.5714285714285714,0.14285714285714285,4.0,1.0
Abre Campo,2020-10-22,110,3,1,0,1.1428571428571428,0.0,8.0,0.0
Abre Campo,2020-10-23,110,0,1,0,1.0,0.0,7.0,0.0
Abre Campo,2020-10-24,110,0,1,0,0.8571428571428571,0.0,6.0,0.0
Abre Campo,2020-10-25,110,0,1,0,0.8571428571428571,0.0,6.0,0.0
Abre Campo,2020-10-26,110,0,1,0,0.8571428571428571,0.0,6.0,0.0
Abre Campo,2020-10-27,111,1,1,0,0.7142857142857143,0.0,5.0,0.0
Abre Campo,2020-10-28,111,0,1,0,0.5714285714285714,0.0,4.0,0.0
Abre Campo,2020-10-29,113,2,1,0,0.42857142857142855,0.0,3.0,0.0
Abre Campo,2020-10-30,113,0,1,0,0.42857142857142855,0.0,3.0,0.0
Abre Campo,2020-10-31,114,1,1,0,0.5714285714285714,0.0,4.0,0.0
Abre Campo,2020-11-01,114,0,1,0,0.5714285714285714,0.0,4.0,0.0
Abre Campo,2020-11-02,114,0,1,0,0.5714285714285714,0.0,4.0,0.0
Abre Campo,2020-11-03,114,0,1,0,0.42857142857142855,0.0,3.0,0.0
Abre Campo,2020-11-04,114,0,1,0,0.42857142857142855,0.0,3.0,0.0
Abre Campo,2020-11-05,114,0,1,0,0.14285714285714285,0.0,1.0,0.0
Abre Campo,2020-11-06,114,0,1,0,0.14285714285714285,0.0,1.0,0.0
Abre Campo,2020-11-07,114,0,1,0,0.0,0.0,0.0,0.0
Abre Campo,2020-11-08,114,0,1,0,0.0,0.0,0.0,0.0
Abre Campo,2020-11-09,114,0,1,0,0.0,0.0,0.0,0.0
Abre Campo,2020-11-10,114,0,1,0,0.0,0.0,0.0,0.0
Abre Campo,2020-11-11,114,0,1,0,0.0,0.0,0.0,0.0
Abre Campo,2020-11-12,114,0,1,0,0.0,0.0,0.0,0.0
Abre Campo,2020-11-13,114,0,1,0,0.0,0.0,0.0,0.0
Abre Campo,2020-11-14,114,0,1,0,0.0,0.0,0.0,0.0
Abre Campo,2020-11-15,114,0,1,0,0.0,0.0,0.0,0.0
Abre Campo,2020-11-16,114,0,1,0,0.0,0.0,0.0,0.0
Abre Campo,2020-11-17,115,1,1,0,0.14285714285714285,0.0,1.0,0.0
Abre Campo,2020-11-18,115,0,1,0,0.14285714285714285,0.0,1.0,0.0
Abre Campo,2020-11-19,115,0,1,0,0.14285714285714285,0.0,1.0,0.0
Abre Campo,2020-11-20,115,0,1,0,0.14285714285714285,0.0,1.0,0.0
Abre Campo,2020-11-21,115,0,1,0,0.14285714285714285,0.0,1.0,0.0
Abre Campo,2020-11-22,120,5,1,0,0.8571428571428571,0.0,6.0,0.0
Abre Campo,2020-11-23,120,0,1,0,0.8571428571428571,0.0,6.0,0.0
Abre Campo,2020-11-24,120,0,1,0,0.7142857142857143,0.0,5.0,0.0
Abre Campo,2020-11-25,126,6,1,0,1.5714285714285714,0.0,11.0,0.0
Abre Campo,2020-11-26,130,4,1,0,2.142857142857143,0.0,15.0,0.0
Abre Campo,2020-11-27,130,0,1,0,2.142857142857143,0.0,15.0,0.0
Abre Campo,2020-11-28,130,0,1,0,2.142857142857143,0.0,15.0,0.0
Abre Campo,2020-11-29,134,4,1,0,2.0,0.0,14.0,0.0
Abre Campo,2020-11-30,134,0,1,0,2.0,0.0,14.0,0.0
Abre Campo,2020-12-01,140,6,1,0,2.857142857142857,0.0,20.0,0.0
Abre Campo,2020-12-02,145,5,1,0,2.7142857142857144,0.0,19.0,0.0
Abre Campo,2020-12-03,145,0,1,0,2.142857142857143,0.0,15.0,0.0
Abre Campo,2020-12-04,145,0,1,0,2.142857142857143,0.0,15.0,0.0
Abre Campo,2020-12-05,149,4,1,0,2.7142857142857144,0.0,19.0,0.0
Abre Campo,2020-12-06,149,0,1,0,2.142857142857143,0.0,15.0,0.0
Abre Campo,2020-12-07,149,0,1,0,2.142857142857143,0.0,15.0,0.0
Abre Campo,2020-12-08,155,6,1,0,2.142857142857143,0.0,15.0,0.0
Abre Campo,2020-12-09,155,0,1,0,1.4285714285714286,0.0,10.0,0.0
Abre Campo,2020-12-10,157,2,1,0,1.7142857142857142,0.0,12.0,0.0
Abre Campo,2020-12-11,157,0,1,0,1.7142857142857142,0.0,12.0,0.0
Abre Campo,2020-12-12,157,0,1,0,1.1428571428571428,0.0,8.0,0.0
Abre Campo,2020-12-13,157,0,1,0,1.1428571428571428,0.0,8.0,0.0
Abre Campo,2020-12-14,157,0,1,0,1.1428571428571428,0.0,8.0,0.0
Abre Campo,2020-12-15,161,4,1,0,0.8571428571428571,0.0,6.0,0.0
Abre Campo,2020-12-16,165,4,1,0,1.4285714285714286,0.0,10.0,0.0
Abre Campo,2020-12-17,166,1,1,0,1.2857142857142858,0.0,9.0,0.0
Abre Campo,2020-12-18,170,4,1,0,1.8571428571428572,0.0,13.0,0.0
Abre Campo,2020-12-19,174,4,1,0,2.4285714285714284,0.0,17.0,0.0
Abre Campo,2020-12-20,174,0,1,0,2.4285714285714284,0.0,17.0,0.0
Abre Campo,2020-12-21,174,0,1,0,2.4285714285714284,0.0,17.0,0.0
Abre Campo,2020-12-22,174,0,1,0,1.8571428571428572,0.0,13.0,0.0
Abre Campo,2020-12-23,180,6,1,0,2.142857142857143,0.0,15.0,0.0
Abre Campo,2020-12-24,180,0,1,0,2.0,0.0,14.0,0.0
Abre Campo,2020-12-25,185,5,1,0,2.142857142857143,0.0,15.0,0.0
Abre Campo,2020-12-26,185,0,1,0,1.5714285714285714,0.0,11.0,0.0
Abre Campo,2020-12-27,185,0,1,0,1.5714285714285714,0.0,11.0,0.0
Abre Campo,2020-12-28,185,0,1,0,1.5714285714285714,0.0,11.0,0.0
Abre Campo,2020-12-29,190,5,1,0,2.2857142857142856,0.0,16.0,0.0
Abre Campo,2020-12-30,195,5,1,0,2.142857142857143,0.0,15.0,0.0
Abre Campo,2020-12-31,200,5,1,0,2.857142857142857,0.0,20.0,0.0
Abre Campo,2021-01-01,205,5,1,0,2.857142857142857,0.0,20.0,0.0
Abre Campo,2021-01-02,205,0,1,0,2.857142857142857,0.0,20.0,0.0
Abre Campo,2021-01-03,205,0,1,0,2.857142857142857,0.0,20.0,0.0
Abre Campo,2021-01-04,205,0,1,0,2.857142857142857,0.0,20.0,0.0
Abre Campo,2021-01-05,207,2,1,0,2.4285714285714284,0.0,17.0,0.0
Abre Campo,2021-01-06,207,0,1,0,1.7142857142857142,0.0,12.0,0.0
Abre Campo,2021-01-07,216,9,2,1,2.2857142857142856,0.14285714285714285,16.0,1.0
Abre Campo,2021-01-08,222,6,2,0,2.4285714285714284,0.14285714285714285,17.0,1.0
Abre Campo,2021-01-09,222,0,2,0,2.4285714285714284,0.14285714285714285,17.0,1.0
Abre Campo,2021-01-10,222,0,2,0,2.4285714285714284,0.14285714285714285,17.0,1.0
Abre Campo,2021-01-11,222,0,2,0,2.4285714285714284,0.14285714285714285,17.0,1.0
Abre Campo,2021-01-12,228,6,2,0,3.0,0.14285714285714285,21.0,1.0
Abre Campo,2021-01-13,230,2,2,0,3.2857142857142856,0.14285714285714285,23.0,1.0
Abre Campo,2021-01-14,234,4,2,0,2.5714285714285716,0.0,18.0,0.0
Abre Campo,2021-01-15,235,1,2,0,1.8571428571428572,0.0,13.0,0.0
Abre Campo,2021-01-16,235,0,2,0,1.8571428571428572,0.0,13.0,0.0
Abre Campo,2021-01-17,235,0,3,1,1.8571428571428572,0.14285714285714285,13.0,1.0
Abre Campo,2021-01-18,235,0,3,0,1.8571428571428572,0.14285714285714285,13.0,1.0
Abre Campo,2021-01-19,235,0,3,0,1.0,0.14285714285714285,7.0,1.0
Abre Campo,2021-01-20,240,5,3,0,1.4285714285714286,0.14285714285714285,10.0,1.0
Abre Campo,2021-01-21,245,5,3,0,1.5714285714285714,0.14285714285714285,11.0,1.0
Abre Campo,2021-01-22,246,1,3,0,1.5714285714285714,0.14285714285714285,11.0,1.0
Abre Campo,2021-01-23,251,5,3,0,2.2857142857142856,0.14285714285714285,16.0,1.0
Abre Campo,2021-01-24,252,1,3,0,2.4285714285714284,0.0,17.0,0.0
Abre Campo,2021-01-25,252,0,3,0,2.4285714285714284,0.0,17.0,0.0
Abre Campo,2021-01-26,252,0,3,0,2.4285714285714284,0.0,17.0,0.0
Abre Campo,2021-01-27,261,9,4,1,3.0,0.14285714285714285,21.0,1.0
Abre Campo,2021-01-28,261,0,4,0,2.2857142857142856,0.14285714285714285,16.0,1.0
Abre Campo,2021-01-29,261,0,4,0,2.142857142857143,0.14285714285714285,15.0,1.0
Abre Campo,2021-01-30,261,0,4,0,1.4285714285714286,0.14285714285714285,10.0,1.0
Abre Campo,2021-01-31,284,23,4,0,4.571428571428571,0.14285714285714285,32.0,1.0
Abre Campo,2021-02-01,284,0,4,0,4.571428571428571,0.14285714285714285,32.0,1.0
Abre Campo,2021-02-02,284,0,4,0,4.571428571428571,0.14285714285714285,32.0,1.0
Abre Campo,2021-02-03,284,0,4,0,3.2857142857142856,0.0,23.0,0.0
Abre Campo,2021-02-04,296,12,4,0,5.0,0.0,35.0,0.0
Abre Campo,2021-02-05,301,5,4,0,5.714285714285714,0.0,40.0,0.0
Abre Campo,2021-02-06,302,1,4,0,5.857142857142857,0.0,41.0,0.0
Abre Campo,2021-02-07,302,0,4,0,2.5714285714285716,0.0,18.0,0.0
Abre Campo,2021-02-08,304,2,4,0,2.857142857142857,0.0,20.0,0.0
Abre Campo,2021-02-09,308,4,4,0,3.4285714285714284,0.0,24.0,0.0
Abre Campo,2021-02-10,315,7,4,0,4.428571428571429,0.0,31.0,0.0
Abre Campo,2021-02-11,323,8,4,0,3.857142857142857,0.0,27.0,0.0
Abre Campo,2021-02-12,327,4,4,0,3.7142857142857144,0.0,26.0,0.0
Abre Campo,2021-02-13,334,7,4,0,4.571428571428571,0.0,32.0,0.0
Abre Campo,2021-02-14,337,3,4,0,5.0,0.0,35.0,0.0
Abre Campo,2021-02-15,337,0,4,0,4.714285714285714,0.0,33.0,0.0
Abre Campo,2021-02-16,337,0,4,0,4.142857142857143,0.0,29.0,0.0
Abre Campo,2021-02-17,337,0,4,0,3.142857142857143,0.0,22.0,0.0
Abre Campo,2021-02-18,340,3,4,0,2.4285714285714284,0.0,17.0,0.0
Abre Campo,2021-02-19,343,3,4,0,2.2857142857142856,0.0,16.0,0.0
Abre Campo,2021-02-20,351,8,4,0,2.4285714285714284,0.0,17.0,0.0
Abre Campo,2021-02-21,356,5,4,0,2.7142857142857144,0.0,19.0,0.0
Abre Campo,2021-02-22,356,0,4,0,2.7142857142857144,0.0,19.0,0.0
Abre Campo,2021-02-23,365,9,4,0,4.0,0.0,28.0,0.0
Abre Campo,2021-02-24,365,0,4,0,4.0,0.0,28.0,0.0
Abre Campo,2021-02-25,371,6,5,1,4.428571428571429,0.14285714285714285,31.0,1.0
Abre Campo,2021-02-26,371,0,6,1,4.0,0.2857142857142857,28.0,2.0
Abre Campo,2021-02-27,374,3,6,0,3.2857142857142856,0.2857142857142857,23.0,2.0
Abre Campo,2021-02-28,377,3,6,0,3.0,0.2857142857142857,21.0,2.0
Abre Campo,2021-03-01,377,0,6,0,3.0,0.2857142857142857,21.0,2.0
Abre Campo,2021-03-02,377,0,6,0,1.7142857142857142,0.2857142857142857,12.0,2.0
Abre Campo,2021-03-03,386,9,6,0,3.0,0.2857142857142857,21.0,2.0
Abre Campo,2021-03-04,390,4,6,0,2.7142857142857144,0.14285714285714285,19.0,1.0
Abre Campo,2021-03-05,397,7,6,0,3.7142857142857144,0.0,26.0,0.0
Abre Campo,2021-03-06,407,10,6,0,4.714285714285714,0.0,33.0,0.0
Abre Campo,2021-03-07,408,1,6,0,4.428571428571429,0.0,31.0,0.0
Abre Campo,2021-03-08,408,0,6,0,4.428571428571429,0.0,31.0,0.0
Abre Campo,2021-03-09,413,5,6,0,5.142857142857143,0.0,36.0,0.0
Abre Campo,2021-03-10,420,7,6,0,4.857142857142857,0.0,34.0,0.0
Abre Campo,2021-03-11,434,14,6,0,6.285714285714286,0.0,44.0,0.0
Abre Campo,2021-03-12,442,8,6,0,6.428571428571429,0.0,45.0,0.0
Abre Campo,2021-03-13,450,8,6,0,6.142857142857143,0.0,43.0,0.0
Abre Campo,2021-03-14,473,23,6,0,9.285714285714286,0.0,65.0,0.0
Abre Campo,2021-03-15,480,7,6,0,10.285714285714286,0.0,72.0,0.0
Abre Campo,2021-03-16,480,0,6,0,9.571428571428571,0.0,67.0,0.0
Abre Campo,2021-03-17,526,46,6,0,15.142857142857142,0.0,106.0,0.0
Abre Campo,2021-03-18,546,20,6,0,16.0,0.0,112.0,0.0
Abre Campo,2021-03-19,562,16,6,0,17.142857142857142,0.0,120.0,0.0
Abre Campo,2021-03-20,577,15,6,0,18.142857142857142,0.0,127.0,0.0
Abre Campo,2021-03-21,584,7,6,0,15.857142857142858,0.0,111.0,0.0
Abre Campo,2021-03-22,584,0,6,0,14.857142857142858,0.0,104.0,0.0
Abre Campo,2021-03-23,593,9,6,0,16.142857142857142,0.0,113.0,0.0
Abre Campo,2021-03-24,615,22,6,0,12.714285714285714,0.0,89.0,0.0
Abre Campo,2021-03-25,631,16,6,0,12.142857142857142,0.0,85.0,0.0
Abre Campo,2021-03-26,631,0,6,0,9.857142857142858,0.0,69.0,0.0
Abre Campo,2021-03-27,660,29,6,0,11.857142857142858,0.0,83.0,0.0
Abre Campo,2021-03-28,675,15,6,0,13.0,0.0,91.0,0.0
Abre Campo,2021-03-29,675,0,6,0,13.0,0.0,91.0,0.0
Abre Campo,2021-03-30,679,4,6,0,12.285714285714286,0.0,86.0,0.0
Abre Campo,2021-03-31,679,0,6,0,9.142857142857142,0.0,64.0,0.0
Abre Campo,2021-04-01,720,41,7,1,12.714285714285714,0.14285714285714285,89.0,1.0
Abre Campo,2021-04-02,720,0,7,0,12.714285714285714,0.14285714285714285,89.0,1.0
Abre Campo,2021-04-03,730,10,7,0,10.0,0.14285714285714285,70.0,1.0
Abre Campo,2021-04-04,730,0,7,0,7.857142857142857,0.14285714285714285,55.0,1.0
Abre Campo,2021-04-05,730,0,8,1,7.857142857142857,0.2857142857142857,55.0,2.0
Abre Campo,2021-04-06,760,30,8,0,11.571428571428571,0.2857142857142857,81.0,2.0
Abre Campo,2021-04-07,768,8,8,0,12.714285714285714,0.2857142857142857,89.0,2.0
Abre Campo,2021-04-08,777,9,9,1,8.142857142857142,0.2857142857142857,57.0,2.0
Abre Campo,2021-04-09,782,5,9,0,8.857142857142858,0.2857142857142857,62.0,2.0
Abre Campo,2021-04-10,789,7,9,0,8.428571428571429,0.2857142857142857,59.0,2.0
Abre Campo,2021-04-11,794,5,9,0,9.142857142857142,0.2857142857142857,64.0,2.0
Abre Campo,2021-04-12,794,0,9,0,9.142857142857142,0.14285714285714285,64.0,1.0
Abre Campo,2021-04-13,794,0,9,0,4.857142857142857,0.14285714285714285,34.0,1.0
Abre Campo,2021-04-14,802,8,10,1,4.857142857142857,0.2857142857142857,34.0,2.0
Abre Campo,2021-04-15,810,8,10,0,4.714285714285714,0.14285714285714285,33.0,1.0
Abre Campo,2021-04-16,822,12,11,1,5.714285714285714,0.2857142857142857,40.0,2.0
Abre Campo,2021-04-17,824,2,11,0,5.0,0.2857142857142857,35.0,2.0
Abre Campo,2021-04-18,833,9,11,0,5.571428571428571,0.2857142857142857,39.0,2.0
Abre Campo,2021-04-19,833,0,11,0,5.571428571428571,0.2857142857142857,39.0,2.0
Abre Campo,2021-04-20,833,0,11,0,5.571428571428571,0.2857142857142857,39.0,2.0
Abre Campo,2021-04-21,836,3,11,0,4.857142857142857,0.14285714285714285,34.0,1.0
Abre Campo,2021-04-22,836,0,11,0,3.7142857142857144,0.14285714285714285,26.0,1.0
Abre Campo,2021-04-23,836,0,11,0,2.0,0.0,14.0,0.0
Abre Campo,2021-04-24,839,3,11,0,2.142857142857143,0.0,15.0,0.0
Abre Campo,2021-04-25,843,4,11,0,1.4285714285714286,0.0,10.0,0.0
Abre Campo,2021-04-26,843,0,11,0,1.4285714285714286,0.0,10.0,0.0
Abre Campo,2021-04-27,844,1,11,0,1.5714285714285714,0.0,11.0,0.0
Abre Campo,2021-04-28,845,1,11,0,1.2857142857142858,0.0,9.0,0.0
Abre Campo,2021-04-29,846,1,12,1,1.4285714285714286,0.14285714285714285,10.0,1.0
Abre Campo,2021-04-30,849,3,12,0,1.8571428571428572,0.14285714285714285,13.0,1.0
Abre Campo,2021-05-01,855,6,12,0,2.2857142857142856,0.14285714285714285,16.0,1.0
Abre Campo,2021-05-02,855,0,13,1,1.7142857142857142,0.2857142857142857,12.0,2.0
Abre Campo,2021-05-03,856,1,13,0,1.8571428571428572,0.2857142857142857,13.0,2.0
Abre Campo,2021-05-04,856,0,13,0,1.7142857142857142,0.2857142857142857,12.0,2.0
Abre Campo,2021-05-05,862,6,13,0,2.4285714285714284,0.2857142857142857,17.0,2.0
Abre Campo,2021-05-06,862,0,13,0,2.2857142857142856,0.14285714285714285,16.0,1.0
Abre Campo,2021-05-07,865,3,13,0,2.2857142857142856,0.14285714285714285,16.0,1.0
Abre Campo,2021-05-08,865,0,13,0,1.4285714285714286,0.14285714285714285,10.0,1.0
Abre Campo,2021-05-09,872,7,13,0,2.4285714285714284,0.0,17.0,0.0
Abre Campo,2021-05-10,879,7,13,0,3.2857142857142856,0.0,23.0,0.0
Abre Campo,2021-05-11,879,0,13,0,3.2857142857142856,0.0,23.0,0.0
Abre Campo,2021-05-12,884,5,14,1,3.142857142857143,0.14285714285714285,22.0,1.0
