index,municipio,data,casosAcumulado,casosNovos,obitosAcumulado,obitosNovos,daily_cases_moving_average,daily_deaths_moving_average,sum_of_daily_cases_week,sum_of_daily_deaths_week
15156,Afrânio,2020-03-27,0.0,0,0,0,0.42857142857142855,0.0,3.0,0.0
15157,Afrânio,2020-03-28,0.0,0,0,0,0.42857142857142855,0.0,3.0,0.0
15158,Afrânio,2020-03-29,0.0,0,0,0,0.42857142857142855,0.0,3.0,0.0
15159,Afrânio,2020-03-30,0.0,0,0,0,0.2857142857142857,0.0,2.0,0.0
15160,Afrânio,2020-03-31,0.0,0,0,0,0.0,0.0,0.0,0.0
15161,Afrânio,2020-04-01,0.0,0,0,0,0.0,0.0,0.0,0.0
15162,Afrânio,2020-04-02,0.0,0,0,0,0.0,0.0,0.0,0.0
15163,Afrânio,2020-04-03,0.0,0,0,0,0.0,0.0,0.0,0.0
15164,Afrânio,2020-04-04,0.0,0,0,0,0.0,0.0,0.0,0.0
15165,Afrânio,2020-04-05,0.0,0,0,0,0.0,0.0,0.0,0.0
15166,Afrânio,2020-04-06,0.0,0,0,0,0.0,0.0,0.0,0.0
15167,Afrânio,2020-04-07,0.0,0,0,0,0.0,0.0,0.0,0.0
15168,Afrânio,2020-04-08,0.0,0,0,0,0.0,0.0,0.0,0.0
15169,Afrânio,2020-04-09,0.0,0,0,0,0.0,0.0,0.0,0.0
15170,Afrânio,2020-04-10,0.0,0,0,0,0.0,0.0,0.0,0.0
15171,Afrânio,2020-04-11,0.0,0,0,0,0.0,0.0,0.0,0.0
15172,Afrânio,2020-04-12,0.0,0,0,0,0.0,0.0,0.0,0.0
15173,Afrânio,2020-04-13,0.0,0,0,0,0.0,0.0,0.0,0.0
15174,Afrânio,2020-04-14,0.0,0,0,0,0.0,0.0,0.0,0.0
15175,Afrânio,2020-04-15,0.0,0,0,0,0.0,0.0,0.0,0.0
15176,Afrânio,2020-04-16,0.0,0,0,0,0.0,0.0,0.0,0.0
15177,Afrânio,2020-04-17,0.0,0,0,0,0.0,0.0,0.0,0.0
15178,Afrânio,2020-04-18,0.0,0,0,0,0.0,0.0,0.0,0.0
15179,Afrânio,2020-04-19,0.0,0,0,0,0.0,0.0,0.0,0.0
15180,Afrânio,2020-04-20,0.0,0,0,0,0.0,0.0,0.0,0.0
15181,Afrânio,2020-04-21,0.0,0,0,0,0.0,0.0,0.0,0.0
15182,Afrânio,2020-04-22,0.0,0,0,0,0.0,0.0,0.0,0.0
15183,Afrânio,2020-04-23,0.0,0,0,0,0.0,0.0,0.0,0.0
15184,Afrânio,2020-04-24,0.0,0,0,0,0.0,0.0,0.0,0.0
15185,Afrânio,2020-04-25,0.0,0,0,0,0.0,0.0,0.0,0.0
15186,Afrânio,2020-04-26,0.0,0,0,0,0.0,0.0,0.0,0.0
15187,Afrânio,2020-04-27,0.0,0,0,0,0.0,0.0,0.0,0.0
15188,Afrânio,2020-04-28,0.0,0,0,0,0.0,0.0,0.0,0.0
15189,Afrânio,2020-04-29,1.0,1,0,0,0.14285714285714285,0.0,1.0,0.0
15190,Afrânio,2020-04-30,1.0,0,0,0,0.14285714285714285,0.0,1.0,0.0
15191,Afrânio,2020-05-01,1.0,0,0,0,0.14285714285714285,0.0,1.0,0.0
15192,Afrânio,2020-05-02,1.0,0,0,0,0.14285714285714285,0.0,1.0,0.0
15193,Afrânio,2020-05-03,1.0,0,0,0,0.14285714285714285,0.0,1.0,0.0
15194,Afrânio,2020-05-04,1.0,0,0,0,0.14285714285714285,0.0,1.0,0.0
15195,Afrânio,2020-05-05,1.0,0,0,0,0.14285714285714285,0.0,1.0,0.0
15196,Afrânio,2020-05-06,1.0,0,0,0,0.0,0.0,0.0,0.0
15197,Afrânio,2020-05-07,1.0,0,0,0,0.0,0.0,0.0,0.0
15198,Afrânio,2020-05-08,1.0,0,0,0,0.0,0.0,0.0,0.0
15199,Afrânio,2020-05-09,1.0,0,0,0,0.0,0.0,0.0,0.0
15200,Afrânio,2020-05-10,1.0,0,0,0,0.0,0.0,0.0,0.0
15201,Afrânio,2020-05-11,1.0,0,0,0,0.0,0.0,0.0,0.0
15202,Afrânio,2020-05-12,1.0,0,0,0,0.0,0.0,0.0,0.0
15203,Afrânio,2020-05-13,1.0,0,0,0,0.0,0.0,0.0,0.0
15204,Afrânio,2020-05-14,1.0,0,0,0,0.0,0.0,0.0,0.0
15205,Afrânio,2020-05-15,1.0,0,0,0,0.0,0.0,0.0,0.0
15206,Afrânio,2020-05-16,1.0,0,0,0,0.0,0.0,0.0,0.0
15207,Afrânio,2020-05-17,1.0,0,0,0,0.0,0.0,0.0,0.0
15208,Afrânio,2020-05-18,1.0,0,0,0,0.0,0.0,0.0,0.0
15209,Afrânio,2020-05-19,1.0,0,0,0,0.0,0.0,0.0,0.0
15210,Afrânio,2020-05-20,1.0,0,0,0,0.0,0.0,0.0,0.0
15211,Afrânio,2020-05-21,3.0,2,0,0,0.2857142857142857,0.0,2.0,0.0
15212,Afrânio,2020-05-22,3.0,0,0,0,0.2857142857142857,0.0,2.0,0.0
15213,Afrânio,2020-05-23,4.0,1,0,0,0.42857142857142855,0.0,3.0,0.0
15214,Afrânio,2020-05-24,5.0,1,0,0,0.5714285714285714,0.0,4.0,0.0
15215,Afrânio,2020-05-25,12.0,7,0,0,1.5714285714285714,0.0,11.0,0.0
15216,Afrânio,2020-05-26,12.0,0,0,0,1.5714285714285714,0.0,11.0,0.0
15217,Afrânio,2020-05-27,15.0,3,0,0,2.0,0.0,14.0,0.0
15218,Afrânio,2020-05-28,15.0,0,0,0,1.7142857142857142,0.0,12.0,0.0
15219,Afrânio,2020-05-29,15.0,0,0,0,1.7142857142857142,0.0,12.0,0.0
15220,Afrânio,2020-05-30,19.0,4,0,0,2.142857142857143,0.0,15.0,0.0
15221,Afrânio,2020-05-31,19.0,0,0,0,2.0,0.0,14.0,0.0
15222,Afrânio,2020-06-01,19.0,0,0,0,1.0,0.0,7.0,0.0
15223,Afrânio,2020-06-02,26.0,7,0,0,2.0,0.0,14.0,0.0
15224,Afrânio,2020-06-03,34.0,8,0,0,2.7142857142857144,0.0,19.0,0.0
15225,Afrânio,2020-06-04,44.0,10,0,0,4.142857142857143,0.0,29.0,0.0
15226,Afrânio,2020-06-05,45.0,1,0,0,4.285714285714286,0.0,30.0,0.0
15227,Afrânio,2020-06-06,45.0,0,0,0,3.7142857142857144,0.0,26.0,0.0
15228,Afrânio,2020-06-07,55.0,10,0,0,5.142857142857143,0.0,36.0,0.0
15229,Afrânio,2020-06-08,55.0,0,0,0,5.142857142857143,0.0,36.0,0.0
15230,Afrânio,2020-06-09,55.0,0,0,0,4.142857142857143,0.0,29.0,0.0
15231,Afrânio,2020-06-10,61.0,6,0,0,3.857142857142857,0.0,27.0,0.0
15232,Afrânio,2020-06-11,62.0,1,1,1,2.5714285714285716,0.14285714285714285,18.0,1.0
15233,Afrânio,2020-06-12,62.0,0,1,0,2.4285714285714284,0.14285714285714285,17.0,1.0
15234,Afrânio,2020-06-13,62.0,0,1,0,2.4285714285714284,0.14285714285714285,17.0,1.0
15235,Afrânio,2020-06-14,62.0,0,1,0,1.0,0.14285714285714285,7.0,1.0
15236,Afrânio,2020-06-15,62.0,0,1,0,1.0,0.14285714285714285,7.0,1.0
15237,Afrânio,2020-06-16,62.0,0,1,0,1.0,0.14285714285714285,7.0,1.0
15238,Afrânio,2020-06-17,62.0,0,1,0,0.14285714285714285,0.14285714285714285,1.0,1.0
15239,Afrânio,2020-06-18,62.0,0,1,0,0.0,0.0,0.0,0.0
15240,Afrânio,2020-06-19,62.0,0,1,0,0.0,0.0,0.0,0.0
15241,Afrânio,2020-06-20,62.0,0,1,0,0.0,0.0,0.0,0.0
15242,Afrânio,2020-06-21,62.0,0,1,0,0.0,0.0,0.0,0.0
15243,Afrânio,2020-06-22,62.0,0,1,0,0.0,0.0,0.0,0.0
15244,Afrânio,2020-06-23,62.0,0,1,0,0.0,0.0,0.0,0.0
15245,Afrânio,2020-06-24,63.0,1,1,0,0.14285714285714285,0.0,1.0,0.0
15246,Afrânio,2020-06-25,64.0,1,1,0,0.2857142857142857,0.0,2.0,0.0
15247,Afrânio,2020-06-26,64.0,0,1,0,0.2857142857142857,0.0,2.0,0.0
15248,Afrânio,2020-06-27,65.0,1,1,0,0.42857142857142855,0.0,3.0,0.0
15249,Afrânio,2020-06-28,65.0,0,1,0,0.42857142857142855,0.0,3.0,0.0
15250,Afrânio,2020-06-29,65.0,0,1,0,0.42857142857142855,0.0,3.0,0.0
15251,Afrânio,2020-06-30,65.0,0,1,0,0.42857142857142855,0.0,3.0,0.0
15252,Afrânio,2020-07-01,65.0,0,1,0,0.2857142857142857,0.0,2.0,0.0
15253,Afrânio,2020-07-02,65.0,0,1,0,0.14285714285714285,0.0,1.0,0.0
15254,Afrânio,2020-07-03,65.0,0,1,0,0.14285714285714285,0.0,1.0,0.0
15255,Afrânio,2020-07-04,65.0,0,1,0,0.0,0.0,0.0,0.0
15256,Afrânio,2020-07-05,65.0,0,1,0,0.0,0.0,0.0,0.0
15257,Afrânio,2020-07-06,65.0,0,1,0,0.0,0.0,0.0,0.0
15258,Afrânio,2020-07-07,65.0,0,1,0,0.0,0.0,0.0,0.0
15259,Afrânio,2020-07-08,66.0,1,1,0,0.14285714285714285,0.0,1.0,0.0
15260,Afrânio,2020-07-09,67.0,1,1,0,0.2857142857142857,0.0,2.0,0.0
15261,Afrânio,2020-07-10,67.0,0,1,0,0.2857142857142857,0.0,2.0,0.0
15262,Afrânio,2020-07-11,67.0,0,1,0,0.2857142857142857,0.0,2.0,0.0
15263,Afrânio,2020-07-12,67.0,0,1,0,0.2857142857142857,0.0,2.0,0.0
15264,Afrânio,2020-07-13,67.0,0,1,0,0.2857142857142857,0.0,2.0,0.0
15265,Afrânio,2020-07-14,67.0,0,1,0,0.2857142857142857,0.0,2.0,0.0
15266,Afrânio,2020-07-15,68.0,1,1,0,0.2857142857142857,0.0,2.0,0.0
15267,Afrânio,2020-07-16,69.0,1,1,0,0.2857142857142857,0.0,2.0,0.0
15268,Afrânio,2020-07-17,69.0,0,1,0,0.2857142857142857,0.0,2.0,0.0
15269,Afrânio,2020-07-18,69.0,0,1,0,0.2857142857142857,0.0,2.0,0.0
15270,Afrânio,2020-07-19,73.0,4,1,0,0.8571428571428571,0.0,6.0,0.0
15271,Afrânio,2020-07-20,73.0,0,1,0,0.8571428571428571,0.0,6.0,0.0
15272,Afrânio,2020-07-21,90.0,17,1,0,3.2857142857142856,0.0,23.0,0.0
15273,Afrânio,2020-07-22,91.0,1,1,0,3.2857142857142856,0.0,23.0,0.0
15274,Afrânio,2020-07-23,92.0,1,1,0,3.2857142857142856,0.0,23.0,0.0
15275,Afrânio,2020-07-24,96.0,4,1,0,3.857142857142857,0.0,27.0,0.0
15276,Afrânio,2020-07-25,96.0,0,1,0,3.857142857142857,0.0,27.0,0.0
15277,Afrânio,2020-07-26,96.0,0,1,0,3.2857142857142856,0.0,23.0,0.0
15278,Afrânio,2020-07-27,96.0,0,1,0,3.2857142857142856,0.0,23.0,0.0
15279,Afrânio,2020-07-28,96.0,0,1,0,0.8571428571428571,0.0,6.0,0.0
15280,Afrânio,2020-07-29,96.0,0,1,0,0.7142857142857143,0.0,5.0,0.0
15281,Afrânio,2020-07-30,97.0,1,1,0,0.7142857142857143,0.0,5.0,0.0
15282,Afrânio,2020-07-31,98.0,1,1,0,0.2857142857142857,0.0,2.0,0.0
15283,Afrânio,2020-08-01,98.0,0,1,0,0.2857142857142857,0.0,2.0,0.0
15284,Afrânio,2020-08-02,100.0,2,1,0,0.5714285714285714,0.0,4.0,0.0
15285,Afrânio,2020-08-03,100.0,0,1,0,0.5714285714285714,0.0,4.0,0.0
15286,Afrânio,2020-08-04,100.0,0,1,0,0.5714285714285714,0.0,4.0,0.0
15287,Afrânio,2020-08-05,103.0,3,1,0,1.0,0.0,7.0,0.0
15288,Afrânio,2020-08-06,103.0,0,1,0,0.8571428571428571,0.0,6.0,0.0
15289,Afrânio,2020-08-07,104.0,1,1,0,0.8571428571428571,0.0,6.0,0.0
15290,Afrânio,2020-08-08,104.0,0,1,0,0.8571428571428571,0.0,6.0,0.0
15291,Afrânio,2020-08-09,104.0,0,1,0,0.5714285714285714,0.0,4.0,0.0
15292,Afrânio,2020-08-10,105.0,1,1,0,0.7142857142857143,0.0,5.0,0.0
15293,Afrânio,2020-08-11,108.0,3,1,0,1.1428571428571428,0.0,8.0,0.0
15294,Afrânio,2020-08-12,111.0,3,1,0,1.1428571428571428,0.0,8.0,0.0
15295,Afrânio,2020-08-13,112.0,1,1,0,1.2857142857142858,0.0,9.0,0.0
15296,Afrânio,2020-08-14,115.0,3,1,0,1.5714285714285714,0.0,11.0,0.0
15297,Afrânio,2020-08-15,116.0,1,1,0,1.7142857142857142,0.0,12.0,0.0
15298,Afrânio,2020-08-16,121.0,5,1,0,2.4285714285714284,0.0,17.0,0.0
15299,Afrânio,2020-08-17,121.0,0,1,0,2.2857142857142856,0.0,16.0,0.0
15300,Afrânio,2020-08-18,121.0,0,1,0,1.8571428571428572,0.0,13.0,0.0
15301,Afrânio,2020-08-19,127.0,6,1,0,2.2857142857142856,0.0,16.0,0.0
15302,Afrânio,2020-08-20,127.0,0,1,0,2.142857142857143,0.0,15.0,0.0
15303,Afrânio,2020-08-21,133.0,6,1,0,2.5714285714285716,0.0,18.0,0.0
15304,Afrânio,2020-08-22,134.0,1,2,1,2.5714285714285716,0.14285714285714285,18.0,1.0
15305,Afrânio,2020-08-23,139.0,5,2,0,2.5714285714285716,0.14285714285714285,18.0,1.0
15306,Afrânio,2020-08-24,139.0,0,2,0,2.5714285714285716,0.14285714285714285,18.0,1.0
15307,Afrânio,2020-08-25,142.0,3,2,0,3.0,0.14285714285714285,21.0,1.0
15308,Afrânio,2020-08-26,147.0,5,2,0,2.857142857142857,0.14285714285714285,20.0,1.0
15309,Afrânio,2020-08-27,153.0,6,2,0,3.7142857142857144,0.14285714285714285,26.0,1.0
15310,Afrânio,2020-08-28,154.0,1,2,0,3.0,0.14285714285714285,21.0,1.0
15311,Afrânio,2020-08-29,160.0,6,2,0,3.7142857142857144,0.0,26.0,0.0
15312,Afrânio,2020-08-30,160.0,0,2,0,3.0,0.0,21.0,0.0
15313,Afrânio,2020-08-31,164.0,4,2,0,3.5714285714285716,0.0,25.0,0.0
15314,Afrânio,2020-09-01,161.0,-3,2,0,2.7142857142857144,0.0,19.0,0.0
15315,Afrânio,2020-09-02,166.0,5,2,0,2.7142857142857144,0.0,19.0,0.0
15316,Afrânio,2020-09-03,168.0,2,2,0,2.142857142857143,0.0,15.0,0.0
15317,Afrânio,2020-09-04,168.0,0,2,0,2.0,0.0,14.0,0.0
15318,Afrânio,2020-09-05,173.0,5,2,0,1.8571428571428572,0.0,13.0,0.0
15319,Afrânio,2020-09-06,177.0,4,2,0,2.4285714285714284,0.0,17.0,0.0
15320,Afrânio,2020-09-07,177.0,0,2,0,1.8571428571428572,0.0,13.0,0.0
15321,Afrânio,2020-09-08,177.0,0,2,0,2.2857142857142856,0.0,16.0,0.0
15322,Afrânio,2020-09-09,179.0,2,2,0,1.8571428571428572,0.0,13.0,0.0
15323,Afrânio,2020-09-10,179.0,0,2,0,1.5714285714285714,0.0,11.0,0.0
15324,Afrânio,2020-09-11,179.0,0,2,0,1.5714285714285714,0.0,11.0,0.0
15325,Afrânio,2020-09-12,185.0,6,2,0,1.7142857142857142,0.0,12.0,0.0
15326,Afrânio,2020-09-13,185.0,0,2,0,1.1428571428571428,0.0,8.0,0.0
15327,Afrânio,2020-09-14,185.0,0,2,0,1.1428571428571428,0.0,8.0,0.0
15328,Afrânio,2020-09-15,186.0,1,2,0,1.2857142857142858,0.0,9.0,0.0
15329,Afrânio,2020-09-16,192.0,6,2,0,1.8571428571428572,0.0,13.0,0.0
15330,Afrânio,2020-09-17,190.0,-2,2,0,1.5714285714285714,0.0,11.0,0.0
15331,Afrânio,2020-09-18,190.0,0,2,0,1.5714285714285714,0.0,11.0,0.0
15332,Afrânio,2020-09-19,193.0,3,2,0,1.1428571428571428,0.0,8.0,0.0
15333,Afrânio,2020-09-20,193.0,0,2,0,1.1428571428571428,0.0,8.0,0.0
15334,Afrânio,2020-09-21,193.0,0,2,0,1.1428571428571428,0.0,8.0,0.0
15335,Afrânio,2020-09-22,194.0,1,2,0,1.1428571428571428,0.0,8.0,0.0
15336,Afrânio,2020-09-23,196.0,2,2,0,0.5714285714285714,0.0,4.0,0.0
15337,Afrânio,2020-09-24,196.0,0,2,0,0.8571428571428571,0.0,6.0,0.0
15338,Afrânio,2020-09-25,197.0,1,2,0,1.0,0.0,7.0,0.0
15339,Afrânio,2020-09-26,197.0,0,2,0,0.5714285714285714,0.0,4.0,0.0
15340,Afrânio,2020-09-27,197.0,0,2,0,0.5714285714285714,0.0,4.0,0.0
15341,Afrânio,2020-09-28,197.0,0,2,0,0.5714285714285714,0.0,4.0,0.0
15342,Afrânio,2020-09-29,202.0,5,2,0,1.1428571428571428,0.0,8.0,0.0
15343,Afrânio,2020-09-30,203.0,1,2,0,1.0,0.0,7.0,0.0
15344,Afrânio,2020-10-01,203.0,0,2,0,1.0,0.0,7.0,0.0
15345,Afrânio,2020-10-02,205.0,2,2,0,1.1428571428571428,0.0,8.0,0.0
15346,Afrânio,2020-10-03,205.0,0,2,0,1.1428571428571428,0.0,8.0,0.0
15347,Afrânio,2020-10-04,205.0,0,2,0,1.1428571428571428,0.0,8.0,0.0
15348,Afrânio,2020-10-05,205.0,0,2,0,1.1428571428571428,0.0,8.0,0.0
15349,Afrânio,2020-10-06,206.0,1,2,0,0.5714285714285714,0.0,4.0,0.0
15350,Afrânio,2020-10-07,207.0,1,2,0,0.5714285714285714,0.0,4.0,0.0
15351,Afrânio,2020-10-08,207.0,0,2,0,0.5714285714285714,0.0,4.0,0.0
15352,Afrânio,2020-10-09,208.0,1,2,0,0.42857142857142855,0.0,3.0,0.0
15353,Afrânio,2020-10-10,208.0,0,2,0,0.42857142857142855,0.0,3.0,0.0
15354,Afrânio,2020-10-11,208.0,0,2,0,0.42857142857142855,0.0,3.0,0.0
15355,Afrânio,2020-10-12,208.0,0,2,0,0.42857142857142855,0.0,3.0,0.0
15356,Afrânio,2020-10-13,208.0,0,2,0,0.2857142857142857,0.0,2.0,0.0
15357,Afrânio,2020-10-14,209.0,1,2,0,0.2857142857142857,0.0,2.0,0.0
15358,Afrânio,2020-10-15,209.0,0,2,0,0.2857142857142857,0.0,2.0,0.0
15359,Afrânio,2020-10-16,210.0,1,2,0,0.2857142857142857,0.0,2.0,0.0
15360,Afrânio,2020-10-17,212.0,2,2,0,0.5714285714285714,0.0,4.0,0.0
15361,Afrânio,2020-10-18,212.0,0,2,0,0.5714285714285714,0.0,4.0,0.0
15362,Afrânio,2020-10-19,212.0,0,2,0,0.5714285714285714,0.0,4.0,0.0
15363,Afrânio,2020-10-20,213.0,1,2,0,0.7142857142857143,0.0,5.0,0.0
15364,Afrânio,2020-10-21,213.0,0,2,0,0.5714285714285714,0.0,4.0,0.0
15365,Afrânio,2020-10-22,214.0,1,2,0,0.7142857142857143,0.0,5.0,0.0
15366,Afrânio,2020-10-23,215.0,1,2,0,0.7142857142857143,0.0,5.0,0.0
15367,Afrânio,2020-10-24,215.0,0,2,0,0.42857142857142855,0.0,3.0,0.0
15368,Afrânio,2020-10-25,215.0,0,2,0,0.42857142857142855,0.0,3.0,0.0
15369,Afrânio,2020-10-26,215.0,0,2,0,0.42857142857142855,0.0,3.0,0.0
15370,Afrânio,2020-10-27,218.0,3,2,0,0.7142857142857143,0.0,5.0,0.0
15371,Afrânio,2020-10-28,219.0,1,2,0,0.8571428571428571,0.0,6.0,0.0
15372,Afrânio,2020-10-29,219.0,0,2,0,0.7142857142857143,0.0,5.0,0.0
15373,Afrânio,2020-10-30,219.0,0,2,0,0.5714285714285714,0.0,4.0,0.0
15374,Afrânio,2020-10-31,220.0,1,2,0,0.7142857142857143,0.0,5.0,0.0
15375,Afrânio,2020-11-01,221.0,1,2,0,0.8571428571428571,0.0,6.0,0.0
15376,Afrânio,2020-11-02,221.0,0,2,0,0.8571428571428571,0.0,6.0,0.0
15377,Afrânio,2020-11-03,221.0,0,2,0,0.42857142857142855,0.0,3.0,0.0
15378,Afrânio,2020-11-04,221.0,0,2,0,0.2857142857142857,0.0,2.0,0.0
15379,Afrânio,2020-11-05,222.0,1,2,0,0.42857142857142855,0.0,3.0,0.0
15380,Afrânio,2020-11-06,227.0,5,2,0,1.1428571428571428,0.0,8.0,0.0
15381,Afrânio,2020-11-07,231.0,4,2,0,1.5714285714285714,0.0,11.0,0.0
15382,Afrânio,2020-11-08,231.0,0,2,0,1.4285714285714286,0.0,10.0,0.0
15383,Afrânio,2020-11-09,231.0,0,2,0,1.4285714285714286,0.0,10.0,0.0
15384,Afrânio,2020-11-10,233.0,2,2,0,1.7142857142857142,0.0,12.0,0.0
15385,Afrânio,2020-11-11,233.0,0,2,0,1.7142857142857142,0.0,12.0,0.0
15386,Afrânio,2020-11-12,235.0,2,2,0,1.8571428571428572,0.0,13.0,0.0
15387,Afrânio,2020-11-13,235.0,0,2,0,1.1428571428571428,0.0,8.0,0.0
15388,Afrânio,2020-11-14,235.0,0,2,0,0.5714285714285714,0.0,4.0,0.0
15389,Afrânio,2020-11-15,235.0,0,2,0,0.5714285714285714,0.0,4.0,0.0
15390,Afrânio,2020-11-16,236.0,1,2,0,0.7142857142857143,0.0,5.0,0.0
15391,Afrânio,2020-11-17,236.0,0,2,0,0.42857142857142855,0.0,3.0,0.0
15392,Afrânio,2020-11-18,236.0,0,2,0,0.42857142857142855,0.0,3.0,0.0
15393,Afrânio,2020-11-19,236.0,0,2,0,0.14285714285714285,0.0,1.0,0.0
15394,Afrânio,2020-11-20,236.0,0,2,0,0.14285714285714285,0.0,1.0,0.0
15395,Afrânio,2020-11-21,240.0,4,2,0,0.7142857142857143,0.0,5.0,0.0
15396,Afrânio,2020-11-22,241.0,1,2,0,0.8571428571428571,0.0,6.0,0.0
15397,Afrânio,2020-11-23,241.0,0,2,0,0.7142857142857143,0.0,5.0,0.0
15398,Afrânio,2020-11-24,241.0,0,2,0,0.7142857142857143,0.0,5.0,0.0
15399,Afrânio,2020-11-25,247.0,6,2,0,1.5714285714285714,0.0,11.0,0.0
15400,Afrânio,2020-11-26,247.0,0,2,0,1.5714285714285714,0.0,11.0,0.0
15401,Afrânio,2020-11-27,249.0,2,2,0,1.8571428571428572,0.0,13.0,0.0
15402,Afrânio,2020-11-28,262.0,13,2,0,3.142857142857143,0.0,22.0,0.0
15403,Afrânio,2020-11-29,262.0,0,2,0,3.0,0.0,21.0,0.0
15404,Afrânio,2020-11-30,262.0,0,2,0,3.0,0.0,21.0,0.0
15405,Afrânio,2020-12-01,265.0,3,2,0,3.4285714285714284,0.0,24.0,0.0
15406,Afrânio,2020-12-02,273.0,8,2,0,3.7142857142857144,0.0,26.0,0.0
15407,Afrânio,2020-12-03,278.0,5,2,0,4.428571428571429,0.0,31.0,0.0
15408,Afrânio,2020-12-04,278.0,0,2,0,4.142857142857143,0.0,29.0,0.0
15409,Afrânio,2020-12-05,277.0,-1,2,0,2.142857142857143,0.0,15.0,0.0
15410,Afrânio,2020-12-06,277.0,0,2,0,2.142857142857143,0.0,15.0,0.0
15411,Afrânio,2020-12-07,279.0,2,4,2,2.4285714285714284,0.2857142857142857,17.0,2.0
15412,Afrânio,2020-12-08,292.0,13,4,0,3.857142857142857,0.2857142857142857,27.0,2.0
15413,Afrânio,2020-12-09,292.0,0,4,0,2.7142857142857144,0.2857142857142857,19.0,2.0
15414,Afrânio,2020-12-10,301.0,9,4,0,3.2857142857142856,0.2857142857142857,23.0,2.0
15415,Afrânio,2020-12-11,308.0,7,4,0,4.285714285714286,0.2857142857142857,30.0,2.0
15416,Afrânio,2020-12-12,311.0,3,4,0,4.857142857142857,0.2857142857142857,34.0,2.0
15417,Afrânio,2020-12-13,311.0,0,4,0,4.857142857142857,0.2857142857142857,34.0,2.0
15418,Afrânio,2020-12-14,311.0,0,4,0,4.571428571428571,0.0,32.0,0.0
15419,Afrânio,2020-12-15,311.0,0,4,0,2.7142857142857144,0.0,19.0,0.0
15420,Afrânio,2020-12-16,311.0,0,4,0,2.7142857142857144,0.0,19.0,0.0
15421,Afrânio,2020-12-17,318.0,7,4,0,2.4285714285714284,0.0,17.0,0.0
15422,Afrânio,2020-12-18,329.0,11,4,0,3.0,0.0,21.0,0.0
15423,Afrânio,2020-12-19,369.0,40,4,0,8.285714285714286,0.0,58.0,0.0
15424,Afrânio,2020-12-20,369.0,0,4,0,8.285714285714286,0.0,58.0,0.0
15425,Afrânio,2020-12-21,369.0,0,4,0,8.285714285714286,0.0,58.0,0.0
15426,Afrânio,2020-12-22,381.0,12,4,0,10.0,0.0,70.0,0.0
15427,Afrânio,2020-12-23,388.0,7,4,0,11.0,0.0,77.0,0.0
15428,Afrânio,2020-12-24,388.0,0,4,0,10.0,0.0,70.0,0.0
15429,Afrânio,2020-12-25,389.0,1,4,0,8.571428571428571,0.0,60.0,0.0
15430,Afrânio,2020-12-26,389.0,0,4,0,2.857142857142857,0.0,20.0,0.0
15431,Afrânio,2020-12-27,389.0,0,4,0,2.857142857142857,0.0,20.0,0.0
15432,Afrânio,2020-12-28,389.0,0,4,0,2.857142857142857,0.0,20.0,0.0
15433,Afrânio,2020-12-29,395.0,6,5,1,2.0,0.14285714285714285,14.0,1.0
15434,Afrânio,2020-12-30,406.0,11,5,0,2.5714285714285716,0.14285714285714285,18.0,1.0
15435,Afrânio,2020-12-31,412.0,6,6,1,3.4285714285714284,0.2857142857142857,24.0,2.0
15436,Afrânio,2021-01-01,413.0,1,6,0,3.4285714285714284,0.2857142857142857,24.0,2.0
15437,Afrânio,2021-01-02,413.0,0,6,0,3.4285714285714284,0.2857142857142857,24.0,2.0
15438,Afrânio,2021-01-03,413.0,0,6,0,3.4285714285714284,0.2857142857142857,24.0,2.0
15439,Afrânio,2021-01-04,413.0,0,6,0,3.4285714285714284,0.2857142857142857,24.0,2.0
15440,Afrânio,2021-01-05,420.0,7,6,0,3.5714285714285716,0.14285714285714285,25.0,1.0
15441,Afrânio,2021-01-06,439.0,19,6,0,4.714285714285714,0.14285714285714285,33.0,1.0
15442,Afrânio,2021-01-07,445.0,6,6,0,4.714285714285714,0.0,33.0,0.0
15443,Afrânio,2021-01-08,446.0,1,6,0,4.714285714285714,0.0,33.0,0.0
15444,Afrânio,2021-01-09,447.0,1,6,0,4.857142857142857,0.0,34.0,0.0
15445,Afrânio,2021-01-10,453.0,6,6,0,5.714285714285714,0.0,40.0,0.0
15446,Afrânio,2021-01-11,453.0,0,6,0,5.714285714285714,0.0,40.0,0.0
15447,Afrânio,2021-01-12,457.0,4,6,0,5.285714285714286,0.0,37.0,0.0
15448,Afrânio,2021-01-13,468.0,11,6,0,4.142857142857143,0.0,29.0,0.0
15449,Afrânio,2021-01-14,470.0,2,6,0,3.5714285714285716,0.0,25.0,0.0
15450,Afrânio,2021-01-15,474.0,4,6,0,4.0,0.0,28.0,0.0
15451,Afrânio,2021-01-16,483.0,9,6,0,5.142857142857143,0.0,36.0,0.0
15452,Afrânio,2021-01-17,483.0,0,7,1,4.285714285714286,0.14285714285714285,30.0,1.0
15453,Afrânio,2021-01-18,483.0,0,7,0,4.285714285714286,0.14285714285714285,30.0,1.0
15454,Afrânio,2021-01-19,483.0,0,7,0,3.7142857142857144,0.14285714285714285,26.0,1.0
15455,Afrânio,2021-01-20,489.0,6,7,0,3.0,0.14285714285714285,21.0,1.0
15456,Afrânio,2021-01-21,495.0,6,7,0,3.5714285714285716,0.14285714285714285,25.0,1.0
15457,Afrânio,2021-01-22,496.0,1,7,0,3.142857142857143,0.14285714285714285,22.0,1.0
15458,Afrânio,2021-01-23,514.0,18,7,0,4.428571428571429,0.14285714285714285,31.0,1.0
15459,Afrânio,2021-01-24,516.0,2,7,0,4.714285714285714,0.0,33.0,0.0
15460,Afrânio,2021-01-25,516.0,0,7,0,4.714285714285714,0.0,33.0,0.0
15461,Afrânio,2021-01-26,521.0,5,7,0,5.428571428571429,0.0,38.0,0.0
15462,Afrânio,2021-01-27,525.0,4,7,0,5.142857142857143,0.0,36.0,0.0
15463,Afrânio,2021-01-28,529.0,4,8,1,4.857142857142857,0.14285714285714285,34.0,1.0
15464,Afrânio,2021-01-29,534.0,5,9,1,5.428571428571429,0.2857142857142857,38.0,2.0
15465,Afrânio,2021-01-30,540.0,6,9,0,3.7142857142857144,0.2857142857142857,26.0,2.0
15466,Afrânio,2021-01-31,540.0,0,9,0,3.4285714285714284,0.2857142857142857,24.0,2.0
15467,Afrânio,2021-02-01,540.0,0,9,0,3.4285714285714284,0.2857142857142857,24.0,2.0
15468,Afrânio,2021-02-02,540.0,0,9,0,2.7142857142857144,0.2857142857142857,19.0,2.0
15469,Afrânio,2021-02-03,543.0,3,9,0,2.5714285714285716,0.2857142857142857,18.0,2.0
15470,Afrânio,2021-02-04,544.0,1,9,0,2.142857142857143,0.14285714285714285,15.0,1.0
15471,Afrânio,2021-02-05,549.0,5,9,0,2.142857142857143,0.0,15.0,0.0
15472,Afrânio,2021-02-06,551.0,2,9,0,1.5714285714285714,0.0,11.0,0.0
15473,Afrânio,2021-02-07,551.0,0,9,0,1.5714285714285714,0.0,11.0,0.0
15474,Afrânio,2021-02-08,551.0,0,9,0,1.5714285714285714,0.0,11.0,0.0
15475,Afrânio,2021-02-09,552.0,1,9,0,1.7142857142857142,0.0,12.0,0.0
15476,Afrânio,2021-02-10,552.0,0,9,0,1.2857142857142858,0.0,9.0,0.0
15477,Afrânio,2021-02-11,550.0,-2,9,0,0.8571428571428571,0.0,6.0,0.0
15478,Afrânio,2021-02-12,550.0,0,9,0,0.14285714285714285,0.0,1.0,0.0
15479,Afrânio,2021-02-13,556.0,6,9,0,0.7142857142857143,0.0,5.0,0.0
15480,Afrânio,2021-02-14,556.0,0,9,0,0.7142857142857143,0.0,5.0,0.0
15481,Afrânio,2021-02-15,556.0,0,9,0,0.7142857142857143,0.0,5.0,0.0
15482,Afrânio,2021-02-16,556.0,0,9,0,0.5714285714285714,0.0,4.0,0.0
15483,Afrânio,2021-02-17,556.0,0,9,0,0.5714285714285714,0.0,4.0,0.0
15484,Afrânio,2021-02-18,556.0,0,9,0,0.8571428571428571,0.0,6.0,0.0
15485,Afrânio,2021-02-19,556.0,0,9,0,0.8571428571428571,0.0,6.0,0.0
15486,Afrânio,2021-02-20,556.0,0,9,0,0.0,0.0,0.0,0.0
15487,Afrânio,2021-02-21,557.0,1,9,0,0.14285714285714285,0.0,1.0,0.0
15488,Afrânio,2021-02-22,557.0,0,9,0,0.14285714285714285,0.0,1.0,0.0
15489,Afrânio,2021-02-23,561.0,4,9,0,0.7142857142857143,0.0,5.0,0.0
15490,Afrânio,2021-02-24,563.0,2,9,0,1.0,0.0,7.0,0.0
15491,Afrânio,2021-02-25,564.0,1,9,0,1.1428571428571428,0.0,8.0,0.0
15492,Afrânio,2021-02-26,564.0,0,9,0,1.1428571428571428,0.0,8.0,0.0
15493,Afrânio,2021-02-27,566.0,2,9,0,1.4285714285714286,0.0,10.0,0.0
15494,Afrânio,2021-02-28,569.0,3,9,0,1.7142857142857142,0.0,12.0,0.0
15495,Afrânio,2021-03-01,569.0,0,9,0,1.7142857142857142,0.0,12.0,0.0
15496,Afrânio,2021-03-02,569.0,0,9,0,1.1428571428571428,0.0,8.0,0.0
15497,Afrânio,2021-03-03,570.0,1,9,0,1.0,0.0,7.0,0.0
15498,Afrânio,2021-03-04,570.0,0,9,0,0.8571428571428571,0.0,6.0,0.0
15499,Afrânio,2021-03-05,571.0,1,9,0,1.0,0.0,7.0,0.0
15500,Afrânio,2021-03-06,577.0,6,9,0,1.5714285714285714,0.0,11.0,0.0
15501,Afrânio,2021-03-07,577.0,0,9,0,1.1428571428571428,0.0,8.0,0.0
15502,Afrânio,2021-03-08,579.0,2,9,0,1.4285714285714286,0.0,10.0,0.0
15503,Afrânio,2021-03-09,579.0,0,9,0,1.4285714285714286,0.0,10.0,0.0
15504,Afrânio,2021-03-10,579.0,0,9,0,1.2857142857142858,0.0,9.0,0.0
15505,Afrânio,2021-03-11,579.0,0,9,0,1.2857142857142858,0.0,9.0,0.0
15506,Afrânio,2021-03-12,578.0,-1,9,0,1.0,0.0,7.0,0.0
15507,Afrânio,2021-03-13,578.0,0,9,0,0.14285714285714285,0.0,1.0,0.0
15508,Afrânio,2021-03-14,578.0,0,9,0,0.14285714285714285,0.0,1.0,0.0
15509,Afrânio,2021-03-15,578.0,0,9,0,-0.14285714285714285,0.0,-1.0,0.0
15510,Afrânio,2021-03-16,578.0,0,9,0,-0.14285714285714285,0.0,-1.0,0.0
15511,Afrânio,2021-03-17,578.0,0,9,0,-0.14285714285714285,0.0,-1.0,0.0
15512,Afrânio,2021-03-18,578.0,0,9,0,-0.14285714285714285,0.0,-1.0,0.0
15513,Afrânio,2021-03-19,579.0,1,9,0,0.14285714285714285,0.0,1.0,0.0
15514,Afrânio,2021-03-20,583.0,4,9,0,0.7142857142857143,0.0,5.0,0.0
15515,Afrânio,2021-03-21,585.0,2,9,0,1.0,0.0,7.0,0.0
15516,Afrânio,2021-03-22,585.0,0,9,0,1.0,0.0,7.0,0.0
15517,Afrânio,2021-03-23,588.0,3,9,0,1.4285714285714286,0.0,10.0,0.0
15518,Afrânio,2021-03-24,589.0,1,9,0,1.5714285714285714,0.0,11.0,0.0
15519,Afrânio,2021-03-25,591.0,2,9,0,1.8571428571428572,0.0,13.0,0.0
15520,Afrânio,2021-03-26,596.0,5,9,0,2.4285714285714284,0.0,17.0,0.0
15521,Afrânio,2021-03-27,596.0,0,9,0,1.8571428571428572,0.0,13.0,0.0
15522,Afrânio,2021-03-28,596.0,0,9,0,1.5714285714285714,0.0,11.0,0.0
15523,Afrânio,2021-03-29,596.0,0,9,0,1.5714285714285714,0.0,11.0,0.0
15524,Afrânio,2021-03-30,596.0,0,9,0,1.1428571428571428,0.0,8.0,0.0
15525,Afrânio,2021-03-31,597.0,1,9,0,1.1428571428571428,0.0,8.0,0.0
15526,Afrânio,2021-04-01,597.0,0,9,0,0.8571428571428571,0.0,6.0,0.0
15527,Afrânio,2021-04-02,597.0,0,9,0,0.14285714285714285,0.0,1.0,0.0
15528,Afrânio,2021-04-03,598.0,1,9,0,0.2857142857142857,0.0,2.0,0.0
15529,Afrânio,2021-04-04,598.0,0,9,0,0.2857142857142857,0.0,2.0,0.0
15530,Afrânio,2021-04-05,600.0,2,9,0,0.5714285714285714,0.0,4.0,0.0
15531,Afrânio,2021-04-06,606.0,6,9,0,1.4285714285714286,0.0,10.0,0.0
15532,Afrânio,2021-04-07,609.0,3,9,0,1.7142857142857142,0.0,12.0,0.0
15533,Afrânio,2021-04-08,622.0,13,9,0,3.5714285714285716,0.0,25.0,0.0
15534,Afrânio,2021-04-09,622.0,0,9,0,3.5714285714285716,0.0,25.0,0.0
15535,Afrânio,2021-04-10,625.0,3,9,0,3.857142857142857,0.0,27.0,0.0
15536,Afrânio,2021-04-11,629.0,4,9,0,4.428571428571429,0.0,31.0,0.0
15537,Afrânio,2021-04-12,630.0,1,9,0,4.285714285714286,0.0,30.0,0.0
15538,Afrânio,2021-04-13,640.0,10,10,1,4.857142857142857,0.14285714285714285,34.0,1.0
15539,Afrânio,2021-04-14,643.0,3,11,1,4.857142857142857,0.2857142857142857,34.0,2.0
15540,Afrânio,2021-04-15,651.0,8,11,0,4.142857142857143,0.2857142857142857,29.0,2.0
15541,Afrânio,2021-04-16,655.0,4,11,0,4.714285714285714,0.2857142857142857,33.0,2.0
15542,Afrânio,2021-04-17,660.0,5,11,0,5.0,0.2857142857142857,35.0,2.0
15543,Afrânio,2021-04-18,660.0,0,11,0,4.428571428571429,0.2857142857142857,31.0,2.0
15544,Afrânio,2021-04-19,660.0,0,11,0,4.285714285714286,0.2857142857142857,30.0,2.0
15545,Afrânio,2021-04-20,662.0,2,12,1,3.142857142857143,0.2857142857142857,22.0,2.0
15546,Afrânio,2021-04-21,667.0,5,12,0,3.4285714285714284,0.14285714285714285,24.0,1.0
15547,Afrânio,2021-04-22,671.0,4,12,0,2.857142857142857,0.14285714285714285,20.0,1.0
15548,Afrânio,2021-04-23,676.0,5,12,0,3.0,0.14285714285714285,21.0,1.0
15549,Afrânio,2021-04-24,683.0,7,12,0,3.2857142857142856,0.14285714285714285,23.0,1.0
15550,Afrânio,2021-04-25,680.0,-3,12,0,2.857142857142857,0.14285714285714285,20.0,1.0
15551,Afrânio,2021-04-26,684.0,4,12,0,3.4285714285714284,0.14285714285714285,24.0,1.0
15552,Afrânio,2021-04-27,685.0,1,13,1,3.2857142857142856,0.14285714285714285,23.0,1.0
15553,Afrânio,2021-04-28,690.0,5,13,0,3.2857142857142856,0.14285714285714285,23.0,1.0
15554,Afrânio,2021-04-29,700.0,10,13,0,4.142857142857143,0.14285714285714285,29.0,1.0
15555,Afrânio,2021-04-30,714.0,14,13,0,5.428571428571429,0.14285714285714285,38.0,1.0
15556,Afrânio,2021-05-01,716.0,2,13,0,4.714285714285714,0.14285714285714285,33.0,1.0
15557,Afrânio,2021-05-02,717.0,1,13,0,5.285714285714286,0.14285714285714285,37.0,1.0
15558,Afrânio,2021-05-03,717.0,0,13,0,4.714285714285714,0.14285714285714285,33.0,1.0
15559,Afrânio,2021-05-04,717.0,0,13,0,4.571428571428571,0.0,32.0,0.0
15560,Afrânio,2021-05-05,722.0,5,13,0,4.571428571428571,0.0,32.0,0.0
15561,Afrânio,2021-05-06,722.0,0,13,0,3.142857142857143,0.0,22.0,0.0
15562,Afrânio,2021-05-07,734.0,12,13,0,2.857142857142857,0.0,20.0,0.0
15563,Afrânio,2021-05-08,740.0,6,13,0,3.4285714285714284,0.0,24.0,0.0
15564,Afrânio,2021-05-09,740.0,0,13,0,3.2857142857142856,0.0,23.0,0.0
15565,Afrânio,2021-05-10,738.0,-2,13,0,3.0,0.0,21.0,0.0
15566,Afrânio,2021-05-11,743.0,5,13,0,3.7142857142857144,0.0,26.0,0.0
15567,Afrânio,2021-05-12,745.0,2,13,0,3.2857142857142856,0.0,23.0,0.0
15568,Afrânio,2021-05-13,743.0,-2,13,0,3.0,0.0,21.0,0.0
15569,Afrânio,2021-05-14,758.0,15,13,0,3.4285714285714284,0.0,24.0,0.0
15570,Afrânio,2021-05-15,764.0,6,13,0,3.4285714285714284,0.0,24.0,0.0
15571,Afrânio,2021-05-16,766.0,2,13,0,3.7142857142857144,0.0,26.0,0.0
15572,Afrânio,2021-05-17,767.0,1,13,0,4.142857142857143,0.0,29.0,0.0
15573,Afrânio,2021-05-18,768.0,1,13,0,3.5714285714285716,0.0,25.0,0.0
15574,Afrânio,2021-05-19,768.0,0,13,0,3.2857142857142856,0.0,23.0,0.0
15575,Afrânio,2021-05-20,770.0,2,13,0,3.857142857142857,0.0,27.0,0.0
15576,Afrânio,2021-05-21,782.0,12,13,0,3.4285714285714284,0.0,24.0,0.0
